word,type,
abandonment,NOUN,
abasement,NOUN,
abashment,NOUN,
abatement,NOUN,
abbreviation,NOUN,
abdication,NOUN,
abduction,NOUN,
abductor,NOUN,
aberration,NOUN,
abhorrence,NOUN,
abilities,NOUN,
ability,NOUN,
abnormality,NOUN,
abolishment,NOUN,
abolitionist,NOUN,
abomination,NOUN,
abrasiveness,NOUN,
abridgement,NOUN,
abruptness,NOUN,
absence,NOUN,
absenteeism,NOUN,
absentmindedness,NOUN,
absoluteness,NOUN,
absolution,NOUN,
abstention,NOUN,
absurdity,NOUN,
abundance,NOUN,
abutment,NOUN,
abyss,NOUN,
accelerant,NOUN,
acceleration,NOUN,
acceptance,NOUN,
acceptor,NOUN,
access,NOUN,
accessibility,NOUN,
accessory,NOUN,
accident,NOUN,
acclaim,NOUN,
accommodation,NOUN,
accommodator,NOUN,
accompaniment,NOUN,
accompanist,NOUN,
accomplishment,NOUN,
accountability,NOUN,
accountant,NOUN,
accoutrement,NOUN,
accreditation,NOUN,
accruement,NOUN,
acculturation,NOUN,
accumulation,NOUN,
accumulator,NOUN,
accuracy,NOUN,
accurateness,NOUN,
accusation,NOUN,
accuser,NOUN,
achievement,NOUN,
achiness,NOUN,
acidity,NOUN,
acknowledgement,NOUN,
acquaintance,NOUN,
acquaintanceship,NOUN,
acquiescence,NOUN,
acquirement,NOUN,
acquisition,NOUN,
action,NOUN,
activation,NOUN,
activator,NOUN,
activism,NOUN,
activist,NOUN,
activity,NOUN,
actor,NOUN,
actuality,NOUN,
actualization,NOUN,
acuity,NOUN,
acupuncturist,NOUN,
acuteness,NOUN,
adaptability,NOUN,
adaptation,NOUN,
adaptor,NOUN,
addiction,NOUN,
addition,NOUN,
adeptness,NOUN,
adequacy,NOUN,
adherence,NOUN,
adhesiveness,NOUN,
adjournment,NOUN,
adjudication,NOUN,
adjudicator,NOUN,
adjustment,NOUN,
administration,NOUN,
administrator,NOUN,
admiration,NOUN,
admirer,NOUN,
admissibility,NOUN,
admission,NOUN,
admonishment,NOUN,
admonition,NOUN,
adolescence,NOUN,
adolescent,NOUN,
adoption,NOUN,
adoration,NOUN,
adornment,NOUN,
adroitness,NOUN,
adsorption,NOUN,
adulation,NOUN,
advancement,NOUN,
advances,NOUN,
advantage,NOUN,
advantageousness,NOUN,
adventure,NOUN,
adventurousness,NOUN,
adversity,NOUN,
advisement,NOUN,
advisor,NOUN,
advocacy,NOUN,
advocator,NOUN,
aerialist,NOUN,
aesthetician,NOUN,
affection,NOUN,
affinity,NOUN,
affirmation,NOUN,
affliction,NOUN,
affluence,NOUN,
affordability,NOUN,
age,NOUN,
agelessness,NOUN,
agent,NOUN,
aggrandizement,NOUN,
aggravation,NOUN,
aggregation,NOUN,
aggressiveness,NOUN,
aggressor,NOUN,
agility,NOUN,
agitation,NOUN,
agitator,NOUN,
agony,NOUN,
agreeability,NOUN,
agreement,NOUN,
aid,NOUN,
ailment,NOUN,
aimlessness,NOUN,
airmanship,NOUN,
airsickness,NOUN,
alarmist,NOUN,
alcoholism,NOUN,
alertness,NOUN,
alienation,NOUN,
alignment,NOUN,
alikeness,NOUN,
alkalinity,NOUN,
allegation,NOUN,
allegiance,NOUN,
allegory,NOUN,
alleviation,NOUN,
alliance,NOUN,
alliteration,NOUN,
allocation,NOUN,
allocution,NOUN,
allotment,NOUN,
allowance,NOUN,
allurement,NOUN,
allusions,NOUN,
allusiveness,NOUN,
aloofness,NOUN,
alphabetization,NOUN,
alteration,NOUN,
altercation,NOUN,
alternation,NOUN,
altruism,NOUN,
amalgamation,NOUN,
amateurishness,NOUN,
amazement,NOUN,
ambassador,NOUN,
ambassadorship,NOUN,
ambiance,NOUN,
ambience,NOUN,
ambiguity,NOUN,
ambition,NOUN,
ambitiousness,NOUN,
ambivalence,NOUN,
amendment,NOUN,
amenity,NOUN,
amicability,NOUN,
amortization,NOUN,
amphibian,NOUN,
amplification,NOUN,
amplitude,NOUN,
amputation,NOUN,
amusement,NOUN,
ancestor,NOUN,
anecdote,NOUN,
anesthesiologist,NOUN,
anger,NOUN,
angriness,NOUN,
angularity,NOUN,
animation,NOUN,
animator,NOUN,
animosity,NOUN,
annihilation,NOUN,
annihilator,NOUN,
announcement,NOUN,
annoyance,NOUN,
annuity,NOUN,
annulment,NOUN,
annunciation,NOUN,
anointment,NOUN,
anonymity,NOUN,
answer,NOUN,
antagonist,NOUN,
antecedence,NOUN,
antecedent,NOUN,
anthropomorphism,NOUN,
anticipation,NOUN,
anticipator,NOUN,
anticoagulant,NOUN,
anticonvulsant,NOUN,
antidepressant,NOUN,
antifascist,NOUN,
antioxidant,NOUN,
antiperspirant,NOUN,
antiracist,NOUN,
antithesis,NOUN,
anxieties,NOUN,
anxiety,NOUN,
anxiousness,NOUN,
apartness,NOUN,
apathy,NOUN,
apishness,NOUN,
apologist,NOUN,
apologizer,NOUN,
apology,NOUN,
apostleship,NOUN,
apparition,NOUN,
appeal,NOUN,
appearance,NOUN,
appeasement,NOUN,
appellation,NOUN,
applicability,NOUN,
applicant,NOUN,
application,NOUN,
appointment,NOUN,
apportionment,NOUN,
appraisal,NOUN,
appraisement,NOUN,
appreciation,NOUN,
apprehensiveness,NOUN,
apprenticeship,NOUN,
approachability,NOUN,
appropriateness,NOUN,
appropriation,NOUN,
appropriator,NOUN,
approval,NOUN,
approximation,NOUN,
aptitude,NOUN,
aptness,NOUN,
apéritif,NOUN,
arbitration,NOUN,
arbitrator,NOUN,
arborist,NOUN,
archaeologist,NOUN,
ardor,NOUN,
argument,NOUN,
aristocracy,NOUN,
armament,NOUN,
arraignment,NOUN,
arrangement,NOUN,
arrestor,NOUN,
arrogance,NOUN,
arsonist,NOUN,
artfulness,NOUN,
articulacy,NOUN,
articulation,NOUN,
articulator,NOUN,
artificiality,NOUN,
artiness,NOUN,
artisanship,NOUN,
artist,NOUN,
artistry,NOUN,
artlessness,NOUN,
ascendance,NOUN,
ascertainment,NOUN,
aspect,NOUN,
aspersions,NOUN,
aspiration,NOUN,
assailant,NOUN,
assent,NOUN,
assertion,NOUN,
assertiveness,NOUN,
assessment,NOUN,
assignment,NOUN,
assignor,NOUN,
assimilation,NOUN,
assistance,NOUN,
assistant,NOUN,
assistantship,NOUN,
assistor,NOUN,
association,NOUN,
assortment,NOUN,
assuagement,NOUN,
assumption,NOUN,
assurance,NOUN,
assuredness,NOUN,
assuror,NOUN,
astonishment,NOUN,
astrophysicist,NOUN,
astuteness,NOUN,
athlete,NOUN,
athleticism,NOUN,
atonement,NOUN,
atrociousness,NOUN,
atrocity,NOUN,
attachment,NOUN,
attaché,NOUN,
attack,NOUN,
attainability,NOUN,
attainment,NOUN,
attempt,NOUN,
attendance,NOUN,
attendant,NOUN,
attention,NOUN,
attentiveness,NOUN,
attitude,NOUN,
attraction,NOUN,
attractiveness,NOUN,
attractor,NOUN,
attribution,NOUN,
attrition,NOUN,
auction,NOUN,
audaciousness,NOUN,
audacity,NOUN,
audience,NOUN,
audition,NOUN,
auditor,NOUN,
augmentation,NOUN,
auspiciousness,NOUN,
austerity,NOUN,
authentication,NOUN,
authenticator,NOUN,
authenticity,NOUN,
author,NOUN,
authoritarian,NOUN,
authoritarianism,NOUN,
authoritativeness,NOUN,
authority,NOUN,
authorization,NOUN,
authorship,NOUN,
autocracy,NOUN,
availability,NOUN,
availableness,NOUN,
aversion,NOUN,
aviation,NOUN,
aviator,NOUN,
avocation,NOUN,
avoidance,NOUN,
awareness,NOUN,
awe,NOUN,
awesomeness,NOUN,
awfulness,NOUN,
awkwardness,NOUN,
babble,NOUN,
bachelor,NOUN,
background,NOUN,
backwardness,NOUN,
bafflement,NOUN,
balance,NOUN,
balloonist,NOUN,
bamboozlement,NOUN,
banality,NOUN,
banishment,NOUN,
banjoist,NOUN,
bankability,NOUN,
baptism,NOUN,
barbarian,NOUN,
barbarism,NOUN,
barbarity,NOUN,
bareness,NOUN,
barrenness,NOUN,
barriers,NOUN,
bashfulness,NOUN,
bassist,NOUN,
bastion,NOUN,
beautification,NOUN,
beautifulness,NOUN,
beauty,NOUN,
bedazzlement,NOUN,
bedevilment,NOUN,
befuddlement,NOUN,
beguilement,NOUN,
behavior,NOUN,
behaviorism,NOUN,
behaviorist,NOUN,
belatedness,NOUN,
beliefs,NOUN,
believability,NOUN,
belittlement,NOUN,
belligerence,NOUN,
belongingness,NOUN,
bemusement,NOUN,
benediction,NOUN,
benefactor,NOUN,
benevolence,NOUN,
benevolentness,NOUN,
bereavement,NOUN,
betterment,NOUN,
bewilderedness,NOUN,
bewilderment,NOUN,
bewitchment,NOUN,
bicyclist,NOUN,
bigheartedness,NOUN,
bigness,NOUN,
bioactivity,NOUN,
biochemist,NOUN,
biodegradability,NOUN,
biodiversity,NOUN,
biographer,NOUN,
biologist,NOUN,
bioluminescence,NOUN,
biophysicist,NOUN,
bioscience,NOUN,
bipartisanship,NOUN,
bipolarization,NOUN,
bitterness,NOUN,
bizarreness,NOUN,
blackness,NOUN,
blamelessness,NOUN,
blameworthiness,NOUN,
blandishment,NOUN,
blandness,NOUN,
bleakness,NOUN,
blessedness,NOUN,
blindness,NOUN,
blissfulness,NOUN,
blogger,NOUN,
blueness,NOUN,
blunder,NOUN,
bluntness,NOUN,
boastfulness,NOUN,
bohemian,NOUN,
boldness,NOUN,
bombardment,NOUN,
bookishness,NOUN,
bookkeeper,NOUN,
boorishness,NOUN,
boredom,NOUN,
bossiness,NOUN,
botanist,NOUN,
boxer,NOUN,
bragger,NOUN,
braininess,NOUN,
brainlessness,NOUN,
brawniness,NOUN,
brazenness,NOUN,
breathiness,NOUN,
breeziness,NOUN,
brevity,NOUN,
bricklayer,NOUN,
brilliance,NOUN,
brinksmanship,NOUN,
briskness,NOUN,
brittleness,NOUN,
broadcaster,NOUN,
broker,NOUN,
brotherhood,NOUN,
brutality,NOUN,
brutalization,NOUN,
brutishness,NOUN,
brûlée,NOUN,
builder,NOUN,
bulkiness,NOUN,
bullheadedness,NOUN,
bumpiness,NOUN,
burden,NOUN,
bureaucracy,NOUN,
bushiness,NOUN,
buyer,NOUN,
cabdriver,NOUN,
caddishness,NOUN,
cadence,NOUN,
cadetship,NOUN,
café,NOUN,
caginess,NOUN,
calamity,NOUN,
calculations,NOUN,
calibration,NOUN,
calligraphist,NOUN,
callousness,NOUN,
callowness,NOUN,
calmness,NOUN,
canapé,NOUN,
cancelation,NOUN,
cancellation,NOUN,
candidacy,NOUN,
candidness,NOUN,
candor,NOUN,
canonization,NOUN,
cantankerousness,NOUN,
capability,NOUN,
capacity,NOUN,
capitalist,NOUN,
capitalization,NOUN,
capriciousness,NOUN,
captainship,NOUN,
caption,NOUN,
captivation,NOUN,
captivity,NOUN,
carbonation,NOUN,
cardinalship,NOUN,
cardiologist,NOUN,
care,NOUN,
career,NOUN,
carefulness,NOUN,
caregiver,NOUN,
carelessness,NOUN,
carpenter,NOUN,
carsickness,NOUN,
cartoonist,NOUN,
castigation,NOUN,
castigator,NOUN,
casualness,NOUN,
categorization,NOUN,
category,NOUN,
cattiness,NOUN,
causality,NOUN,
causation,NOUN,
caution,NOUN,
cautiousness,NOUN,
cavity,NOUN,
celebration,NOUN,
celebrator,NOUN,
celebrity,NOUN,
censorship,NOUN,
centeredness,NOUN,
centrality,NOUN,
centralization,NOUN,
certification,NOUN,
cessation,NOUN,
chairmanship,NOUN,
challenge,NOUN,
championship,NOUN,
chance,NOUN,
chancellorship,NOUN,
changeability,NOUN,
changelessness,NOUN,
changes,NOUN,
channelization,NOUN,
chant,NOUN,
chaos,NOUN,
character,NOUN,
characteristics,NOUN,
characterization,NOUN,
charitableness,NOUN,
charity,NOUN,
charm,NOUN,
chastisement,NOUN,
chatter,NOUN,
chatterer,NOUN,
chattiness,NOUN,
cheapness,NOUN,
cheater,NOUN,
cheekiness,NOUN,
cheerfulness,NOUN,
cheeriness,NOUN,
cheerleader,NOUN,
cheerlessness,NOUN,
cheesiness,NOUN,
chemist,NOUN,
chieftainship,NOUN,
childhood,NOUN,
childishness,NOUN,
chiropractor,NOUN,
chiseler,NOUN,
chivalrousness,NOUN,
chlorination,NOUN,
choiceness,NOUN,
choppiness,NOUN,
chorographer,NOUN,
chubbiness,NOUN,
chumminess,NOUN,
château,NOUN,
cinematographer,NOUN,
circulation,NOUN,
circumference,NOUN,
circumnavigation,NOUN,
circumstance,NOUN,
circumstances,NOUN,
citation,NOUN,
citizen,NOUN,
citizenship,NOUN,
civilian,NOUN,
civility,NOUN,
civilization,NOUN,
claimant,NOUN,
clairvoyant,NOUN,
clamminess,NOUN,
clarification,NOUN,
clarity,NOUN,
classification,NOUN,
classiness,NOUN,
cleaner,NOUN,
cleanliness,NOUN,
clearance,NOUN,
clearness,NOUN,
clerkship,NOUN,
cleverness,NOUN,
cliché,NOUN,
cliffhanger,NOUN,
climatologist,NOUN,
cliquishness,NOUN,
closeness,NOUN,
closing,NOUN,
cloudiness,NOUN,
clownishness,NOUN,
clumsiness,NOUN,
co-conspirator,NOUN,
coagulation,NOUN,
coalition,NOUN,
coarseness,NOUN,
coauthor,NOUN,
cockiness,NOUN,
code,NOUN,
codependence,NOUN,
coder,NOUN,
codification,NOUN,
coefficient,NOUN,
coerciveness,NOUN,
coexistence,NOUN,
cognation,NOUN,
cognition,NOUN,
cognizance,NOUN,
cohabitation,NOUN,
coherence,NOUN,
cohesiveness,NOUN,
coincidence,NOUN,
coldness,NOUN,
collaboration,NOUN,
collaborator,NOUN,
collapsibility,NOUN,
collectedness,NOUN,
collection,NOUN,
collector,NOUN,
colonization,NOUN,
color,NOUN,
colorblindness,NOUN,
colorfulness,NOUN,
colorlessness,NOUN,
combatant,NOUN,
combativeness,NOUN,
combination,NOUN,
combustion,NOUN,
comedian,NOUN,
comedy,NOUN,
comeuppance,NOUN,
comfort,NOUN,
comfortableness,NOUN,
command,NOUN,
commandant,NOUN,
commander,NOUN,
commandership,NOUN,
commandment,NOUN,
commemoration,NOUN,
commemorator,NOUN,
commencement,NOUN,
commendation,NOUN,
commensuration,NOUN,
comment,NOUN,
commentator,NOUN,
commercial,NOUN,
commercialism,NOUN,
commerciality,NOUN,
commercialization,NOUN,
commissioner,NOUN,
commissionership,NOUN,
commitment,NOUN,
commodity,NOUN,
commonality,NOUN,
commonness,NOUN,
commotion,NOUN,
communicability,NOUN,
communicativeness,NOUN,
communicator,NOUN,
communiqué,NOUN,
communism,NOUN,
community,NOUN,
commutation,NOUN,
commuter,NOUN,
compaction,NOUN,
compactness,NOUN,
companionship,NOUN,
comparability,NOUN,
comparativeness,NOUN,
compartmentalization,NOUN,
compatibility,NOUN,
compensation,NOUN,
competence,NOUN,
competition,NOUN,
competitiveness,NOUN,
competitor,NOUN,
compilation,NOUN,
complacence,NOUN,
complacency,NOUN,
complainant,NOUN,
complement,NOUN,
completeness,NOUN,
completion,NOUN,
complexities,NOUN,
complexity,NOUN,
compliance,NOUN,
complication,NOUN,
compliment,NOUN,
component,NOUN,
comportment,NOUN,
composition,NOUN,
composure,NOUN,
comprehensibility,NOUN,
comprehensiveness,NOUN,
compulsiveness,NOUN,
compulsivity,NOUN,
computation,NOUN,
computerization,NOUN,
comradeship,NOUN,
concealment,NOUN,
conceit,NOUN,
conceitedness,NOUN,
conceivability,NOUN,
concentration,NOUN,
conceptualization,NOUN,
concession,NOUN,
conciseness,NOUN,
conclusion,NOUN,
conclusiveness,NOUN,
concoction,NOUN,
concreteness,NOUN,
condemnation,NOUN,
condensation,NOUN,
condescendence,NOUN,
condescension,NOUN,
condition,NOUN,
conditionality,NOUN,
conduciveness,NOUN,
conduct,NOUN,
conductibility,NOUN,
conductivity,NOUN,
conductor,NOUN,
confederation,NOUN,
conference,NOUN,
conferment,NOUN,
confessor,NOUN,
confidence,NOUN,
confidentiality,NOUN,
configuration,NOUN,
confinement,NOUN,
confirmation,NOUN,
confiscation,NOUN,
confiscator,NOUN,
confliction,NOUN,
confluence,NOUN,
conformation,NOUN,
conformist,NOUN,
conformity,NOUN,
confrontation,NOUN,
confusedness,NOUN,
confusion,NOUN,
congealment,NOUN,
congeniality,NOUN,
congestion,NOUN,
conglomeration,NOUN,
congratulation,NOUN,
congratulator,NOUN,
congregation,NOUN,
congruence,NOUN,
congruity,NOUN,
connection,NOUN,
connectivity,NOUN,
connoisseur,NOUN,
connoisseurship,NOUN,
connotation,NOUN,
conqueror,NOUN,
conquest,NOUN,
conquistador,NOUN,
conscience,NOUN,
conscientiousness,NOUN,
consciousness,NOUN,
consent,NOUN,
consequence,NOUN,
conservation,NOUN,
conservationist,NOUN,
conservativeness,NOUN,
conservatorship,NOUN,
conservatory,NOUN,
consideration,NOUN,
consignment,NOUN,
consignor,NOUN,
consolation,NOUN,
consolidation,NOUN,
consolidator,NOUN,
consonant,NOUN,
conspicuousness,NOUN,
conspiracy,NOUN,
conspirator,NOUN,
constant,NOUN,
consternation,NOUN,
constitution,NOUN,
constitutionality,NOUN,
constriction,NOUN,
construction,NOUN,
constructiveness,NOUN,
consulship,NOUN,
consultant,NOUN,
consultation,NOUN,
consumption,NOUN,
contagiousness,NOUN,
containerization,NOUN,
containment,NOUN,
contaminant,NOUN,
contamination,NOUN,
contaminator,NOUN,
contemplation,NOUN,
contemplator,NOUN,
contempt,NOUN,
contemptibility,NOUN,
contentedness,NOUN,
contention,NOUN,
contentment,NOUN,
contestant,NOUN,
contingency,NOUN,
continuance,NOUN,
continuation,NOUN,
continuity,NOUN,
continuousness,NOUN,
continuüm,NOUN,
contortionist,NOUN,
contraction,NOUN,
contractor,NOUN,
contradiction,NOUN,
contradictor,NOUN,
contraption,NOUN,
contrast,NOUN,
contribution,NOUN,
contributor,NOUN,
contriteness,NOUN,
contrition,NOUN,
controllability,NOUN,
controversy,NOUN,
convalescence,NOUN,
convection,NOUN,
convenience,NOUN,
convention,NOUN,
conventionality,NOUN,
convergence,NOUN,
conversation,NOUN,
conversationalist,NOUN,
conveyance,NOUN,
conviction,NOUN,
convulsiveness,NOUN,
coolant,NOUN,
coolness,NOUN,
cooperation,NOUN,
cooperativeness,NOUN,
coordinator,NOUN,
copayment,NOUN,
cordiality,NOUN,
corniness,NOUN,
coronation,NOUN,
corporation,NOUN,
corpulence,NOUN,
correction,NOUN,
correctness,NOUN,
correlation,NOUN,
correspondence,NOUN,
correspondent,NOUN,
corroboration,NOUN,
corroborator,NOUN,
corrosiveness,NOUN,
corruptibility,NOUN,
corruption,NOUN,
corruptness,NOUN,
corruptor,NOUN,
cortège,NOUN,
cosmetologist,NOUN,
cosmologist,NOUN,
cosponsor,NOUN,
costliness,NOUN,
coulée,NOUN,
councillorship,NOUN,
counselor,NOUN,
countenance,NOUN,
counteraccusation,NOUN,
counterargument,NOUN,
counterintelligence,NOUN,
countermovement,NOUN,
counterstatement,NOUN,
courage,NOUN,
courageousness,NOUN,
courteousness,NOUN,
courtesy,NOUN,
courtliness,NOUN,
courtship,NOUN,
cousinship,NOUN,
covertness,NOUN,
cowardliness,NOUN,
coziness,NOUN,
coöperate,NOUN,
craft,NOUN,
craftiness,NOUN,
craftsmanship,NOUN,
crankiness,NOUN,
craving,NOUN,
creakiness,NOUN,
creation,NOUN,
creativeness,NOUN,
creativity,NOUN,
creator,NOUN,
credence,NOUN,
credibility,NOUN,
creditor,NOUN,
creditworthiness,NOUN,
creed,NOUN,
creepiness,NOUN,
criminality,NOUN,
criminalization,NOUN,
criminologist,NOUN,
crispiness,NOUN,
crispness,NOUN,
criticism,NOUN,
crookedness,NOUN,
croûton,NOUN,
crudeness,NOUN,
cruelness,NOUN,
crunchiness,NOUN,
crystallization,NOUN,
crèche,NOUN,
crème,NOUN,
crêpe,NOUN,
culmination,NOUN,
culpability,NOUN,
cultivation,NOUN,
cultivator,NOUN,
culture,NOUN,
cumulativeness,NOUN,
curability,NOUN,
curator,NOUN,
curatorship,NOUN,
curiosity,NOUN,
curtailment,NOUN,
curtness,NOUN,
curves,NOUN,
custodian,NOUN,
custodianship,NOUN,
customer,NOUN,
customization,NOUN,
cuteness,NOUN,
cynicism,NOUN,
d'état,NOUN,
daftness,NOUN,
daintiness,NOUN,
dalliance,NOUN,
damage,NOUN,
damageability,NOUN,
dampness,NOUN,
dance,NOUN,
dancer,NOUN,
danger,NOUN,
dangerousness,NOUN,
darkness,NOUN,
data,NOUN,
dawdler,NOUN,
dawn,NOUN,
daydreamer,NOUN,
deactivation,NOUN,
deadline,NOUN,
dealership,NOUN,
deanship,NOUN,
debasement,NOUN,
debilitation,NOUN,
debility,NOUN,
decadence,NOUN,
decalcification,NOUN,
deceitfulness,NOUN,
decentralization,NOUN,
deception,NOUN,
decidedness,NOUN,
decimation,NOUN,
decipherment,NOUN,
decisiveness,NOUN,
declaration,NOUN,
declassification,NOUN,
decolonization,NOUN,
decomposition,NOUN,
decongestant,NOUN,
decongestion,NOUN,
deconstruction,NOUN,
decontamination,NOUN,
decorativeness,NOUN,
decorator,NOUN,
decriminalization,NOUN,
decryption,NOUN,
dedication,NOUN,
dedicator,NOUN,
deductibility,NOUN,
deduction,NOUN,
deepness,NOUN,
defacement,NOUN,
defamation,NOUN,
defeatism,NOUN,
defeatist,NOUN,
defection,NOUN,
defectiveness,NOUN,
defector,NOUN,
defendant,NOUN,
defender,NOUN,
defenselessness,NOUN,
defensibility,NOUN,
defensiveness,NOUN,
deference,NOUN,
deferment,NOUN,
defiance,NOUN,
defibrillation,NOUN,
defilement,NOUN,
definiteness,NOUN,
definition,NOUN,
deflation,NOUN,
deflection,NOUN,
deforestation,NOUN,
deformity,NOUN,
degeneracy,NOUN,
degeneration,NOUN,
degradation,NOUN,
dehumanization,NOUN,
dehydration,NOUN,
deification,NOUN,
deindustrialization,NOUN,
deionization,NOUN,
dejectedness,NOUN,
dejection,NOUN,
delegacy,NOUN,
delegation,NOUN,
deletion,NOUN,
deliberateness,NOUN,
deliberation,NOUN,
delicacy,NOUN,
deliciousness,NOUN,
delight,NOUN,
delightfulness,NOUN,
deliverability,NOUN,
deliverance,NOUN,
delocalization,NOUN,
demagnetization,NOUN,
demands,NOUN,
demarcation,NOUN,
dematerialization,NOUN,
demeanor,NOUN,
dementedness,NOUN,
demilitarization,NOUN,
democracy,NOUN,
demolishment,NOUN,
demolition,NOUN,
demolitionist,NOUN,
demonstrability,NOUN,
demonstration,NOUN,
demonstrator,NOUN,
demoralization,NOUN,
demotion,NOUN,
demureness,NOUN,
demystification,NOUN,
demythologization,NOUN,
denationalization,NOUN,
denaturalization,NOUN,
deniability,NOUN,
denial,NOUN,
denigration,NOUN,
denigrator,NOUN,
denomination,NOUN,
denominator,NOUN,
denotation,NOUN,
denouement,NOUN,
denouncement,NOUN,
denseness,NOUN,
density,NOUN,
dentist,NOUN,
denuclearization,NOUN,
denunciation,NOUN,
deodorization,NOUN,
department,NOUN,
departmentalization,NOUN,
dependability,NOUN,
dependableness,NOUN,
dependence,NOUN,
depersonalization,NOUN,
depiction,NOUN,
depletion,NOUN,
deplorableness,NOUN,
deployment,NOUN,
depolarization,NOUN,
deportation,NOUN,
deportment,NOUN,
deposition,NOUN,
depositor,NOUN,
depository,NOUN,
depravation,NOUN,
deprecation,NOUN,
depreciation,NOUN,
depression,NOUN,
depressurization,NOUN,
deprivation,NOUN,
derailment,NOUN,
derangement,NOUN,
deregulation,NOUN,
dereliction,NOUN,
derisiveness,NOUN,
derivation,NOUN,
dermatologist,NOUN,
desalinization,NOUN,
descendant,NOUN,
descent,NOUN,
description,NOUN,
descriptiveness,NOUN,
desecration,NOUN,
desegregation,NOUN,
desensitization,NOUN,
desertion,NOUN,
deservedness,NOUN,
designation,NOUN,
designer,NOUN,
desirability,NOUN,
desire,NOUN,
desires,NOUN,
desolation,NOUN,
despair,NOUN,
desperateness,NOUN,
desperation,NOUN,
despondence,NOUN,
destabilization,NOUN,
destination,NOUN,
destiny,NOUN,
destructibility,NOUN,
destruction,NOUN,
destructiveness,NOUN,
destructivity,NOUN,
detachability,NOUN,
detachedness,NOUN,
detachment,NOUN,
details,NOUN,
detainment,NOUN,
detection,NOUN,
detector,NOUN,
detention,NOUN,
deterioration,NOUN,
determent,NOUN,
determinant,NOUN,
determination,NOUN,
determinedness,NOUN,
deterrence,NOUN,
dethronement,NOUN,
detonation,NOUN,
detoxification,NOUN,
detriment,NOUN,
devaluation,NOUN,
devastation,NOUN,
development,NOUN,
deviation,NOUN,
deviousness,NOUN,
devotedness,NOUN,
devotion,NOUN,
devoutness,NOUN,
dexterity,NOUN,
diagnostician,NOUN,
dialectician,NOUN,
dialogue,NOUN,
dictation,NOUN,
dictator,NOUN,
dictatorialness,NOUN,
dictatorship,NOUN,
diction,NOUN,
difference,NOUN,
differentiation,NOUN,
differentness,NOUN,
difficulty,NOUN,
digestibility,NOUN,
digestion,NOUN,
digitalization,NOUN,
digitization,NOUN,
dignity,NOUN,
digression,NOUN,
dilapidation,NOUN,
dilatant,NOUN,
dilation,NOUN,
dilemma,NOUN,
diligence,NOUN,
dilution,NOUN,
diminishment,NOUN,
dimness,NOUN,
dinginess,NOUN,
diplomacy,NOUN,
direction,NOUN,
directionality,NOUN,
directness,NOUN,
director,NOUN,
directorship,NOUN,
directory,NOUN,
direness,NOUN,
dirtiness,NOUN,
disability,NOUN,
disablement,NOUN,
disadvantageousness,NOUN,
disaffection,NOUN,
disaffiliation,NOUN,
disagreeableness,NOUN,
disagreement,NOUN,
disallowance,NOUN,
disappearance,NOUN,
disappointment,NOUN,
disapproval,NOUN,
disarmament,NOUN,
disassociation,NOUN,
disbandment,NOUN,
disbarment,NOUN,
disbelief,NOUN,
disbursement,NOUN,
discernment,NOUN,
disciple,NOUN,
discipleship,NOUN,
disciplinarian,NOUN,
discipline,NOUN,
disclosure,NOUN,
discoloration,NOUN,
disconcertment,NOUN,
disconnectedness,NOUN,
disconnection,NOUN,
discontent,NOUN,
discontentedness,NOUN,
discontentment,NOUN,
discontinuance,NOUN,
discontinuation,NOUN,
discontinuity,NOUN,
discothèque,NOUN,
discouragement,NOUN,
discourse,NOUN,
discourteousness,NOUN,
discourtesy,NOUN,
discreetness,NOUN,
discrimination,NOUN,
discriminator,NOUN,
disdain,NOUN,
disenchantment,NOUN,
disenfranchisement,NOUN,
disengagement,NOUN,
disentanglement,NOUN,
disfigurement,NOUN,
disgrace,NOUN,
disgracefulness,NOUN,
disguise,NOUN,
disheartenment,NOUN,
dishonorableness,NOUN,
disillusionment,NOUN,
disinclination,NOUN,
disinfectant,NOUN,
disinfection,NOUN,
disinflation,NOUN,
disinformation,NOUN,
disingenuousness,NOUN,
disinheritance,NOUN,
disintegration,NOUN,
disinterment,NOUN,
disjointedness,NOUN,
dislocation,NOUN,
dismalness,NOUN,
dismantlement,NOUN,
dismay,NOUN,
disobedience,NOUN,
disorderliness,NOUN,
disorganization,NOUN,
disorientation,NOUN,
disownment,NOUN,
disparagement,NOUN,
disparity,NOUN,
displacement,NOUN,
display,NOUN,
disposition,NOUN,
disproportion,NOUN,
disputant,NOUN,
disqualification,NOUN,
disregard,NOUN,
disrespect,NOUN,
disrespectability,NOUN,
disruption,NOUN,
disruptiveness,NOUN,
dissatisfaction,NOUN,
dissemination,NOUN,
dissension,NOUN,
dissent,NOUN,
dissention,NOUN,
dissertation,NOUN,
dissidence,NOUN,
dissident,NOUN,
dissimilarity,NOUN,
dissipation,NOUN,
dissociation,NOUN,
dissolution,NOUN,
dissonance,NOUN,
dissonant,NOUN,
distance,NOUN,
distastefulness,NOUN,
distillation,NOUN,
distinction,NOUN,
distinctness,NOUN,
distortion,NOUN,
distractibility,NOUN,
distraction,NOUN,
distribution,NOUN,
distributor,NOUN,
distributorship,NOUN,
distrust,NOUN,
disturbance,NOUN,
disunity,NOUN,
disuse,NOUN,
divergence,NOUN,
diverseness,NOUN,
diversification,NOUN,
diversity,NOUN,
divestment,NOUN,
dividedness,NOUN,
divinity,NOUN,
divisibility,NOUN,
divisiveness,NOUN,
divisor,NOUN,
divorcé,NOUN,
divorcée,NOUN,
divulgence,NOUN,
dizziness,NOUN,
doctor,NOUN,
doctrine,NOUN,
document,NOUN,
documentarian,NOUN,
documentation,NOUN,
doggedness,NOUN,
dogmatism,NOUN,
domestication,NOUN,
dominance,NOUN,
domination,NOUN,
donation,NOUN,
donator,NOUN,
donor,NOUN,
dopiness,NOUN,
doppelgänger,NOUN,
dormitory,NOUN,
dose,NOUN,
doubt,NOUN,
drabness,NOUN,
draftsmanship,NOUN,
drama,NOUN,
dramatist,NOUN,
dramatization,NOUN,
dread,NOUN,
dreamer,NOUN,
dreariness,NOUN,
drinkability,NOUN,
drollness,NOUN,
drowsiness,NOUN,
drummer,NOUN,
dullness,NOUN,
duplication,NOUN,
duplicator,NOUN,
duplicity,NOUN,
durability,NOUN,
duration,NOUN,
dusk,NOUN,
duties,NOUN,
duty,NOUN,
dysfunction,NOUN,
débutante,NOUN,
débâcle,NOUN,
décor,NOUN,
découpage,NOUN,
déjà-vu,NOUN,
eagerness,NOUN,
ease,NOUN,
easement,NOUN,
eccentricity,NOUN,
echoes,NOUN,
ecologist,NOUN,
edginess,NOUN,
edibleness,NOUN,
edification,NOUN,
edition,NOUN,
editor,NOUN,
editorship,NOUN,
education,NOUN,
educator,NOUN,
eeriness,NOUN,
effect,NOUN,
effectiveness,NOUN,
effects,NOUN,
effectuality,NOUN,
effectualness,NOUN,
effervescence,NOUN,
efficacy,NOUN,
efficiency,NOUN,
effort,NOUN,
effortlessness,NOUN,
egalitarianism,NOUN,
egocentricity,NOUN,
ejection,NOUN,
elaboration,NOUN,
elasticity,NOUN,
elation,NOUN,
elder,NOUN,
eldership,NOUN,
electability,NOUN,
election,NOUN,
elector,NOUN,
electrician,NOUN,
electricity,NOUN,
electrification,NOUN,
electrocution,NOUN,
elegance,NOUN,
elevation,NOUN,
elicitation,NOUN,
eligibility,NOUN,
elimination,NOUN,
elitist,NOUN,
elocution,NOUN,
eloquence,NOUN,
elusiveness,NOUN,
emanation,NOUN,
emancipation,NOUN,
emancipator,NOUN,
embarrassment,NOUN,
embellishment,NOUN,
embezzlement,NOUN,
embezzler,NOUN,
embitterment,NOUN,
emblazonment,NOUN,
embodiment,NOUN,
embrace,NOUN,
embracement,NOUN,
embroilment,NOUN,
emergence,NOUN,
eminence,NOUN,
emolument,NOUN,
emotion,NOUN,
emotions,NOUN,
empathizer,NOUN,
empathy,NOUN,
emperor,NOUN,
emperorship,NOUN,
emphasis,NOUN,
employability,NOUN,
employment,NOUN,
empowerment,NOUN,
emptiness,NOUN,
emulation,NOUN,
emulator,NOUN,
enabler,NOUN,
enactment,NOUN,
encampment,NOUN,
encapsulation,NOUN,
encasement,NOUN,
enchantment,NOUN,
encirclement,NOUN,
encompassment,NOUN,
encouragement,NOUN,
encroachment,NOUN,
encrustation,NOUN,
encryption,NOUN,
endangerment,NOUN,
endearment,NOUN,
endeavor,NOUN,
endlessness,NOUN,
endorsement,NOUN,
endowment,NOUN,
endurance,NOUN,
enemy,NOUN,
energy,NOUN,
enforceability,NOUN,
enforcement,NOUN,
enfranchisement,NOUN,
engagement,NOUN,
engineer,NOUN,
engorgement,NOUN,
engrossment,NOUN,
engulfment,NOUN,
enhancement,NOUN,
enjoyableness,NOUN,
enjoyment,NOUN,
enlargement,NOUN,
enlightenment,NOUN,
enlistment,NOUN,
enmeshment,NOUN,
ennoblement,NOUN,
enormity,NOUN,
enrichment,NOUN,
enrollment,NOUN,
enshrinement,NOUN,
enslavement,NOUN,
entailment,NOUN,
entanglement,NOUN,
entertainment,NOUN,
enthrallment,NOUN,
enthronement,NOUN,
enthusiasm,NOUN,
enticement,NOUN,
entitlement,NOUN,
entrance,NOUN,
entrancement,NOUN,
entrapment,NOUN,
entrenchment,NOUN,
entrepreneur,NOUN,
entrepreneurship,NOUN,
entrustment,NOUN,
entrée,NOUN,
enumeration,NOUN,
enunciation,NOUN,
enunciator,NOUN,
envelopment,NOUN,
enviableness,NOUN,
environment,NOUN,
environmentalist,NOUN,
envy,NOUN,
epidemiologist,NOUN,
epistemologist,NOUN,
equality,NOUN,
equalization,NOUN,
equanimity,NOUN,
equation,NOUN,
equator,NOUN,
equilibrium,NOUN,
equity,NOUN,
equivalence,NOUN,
equivalent,NOUN,
equivocation,NOUN,
era,NOUN,
eradication,NOUN,
erroneousness,NOUN,
error,NOUN,
eruption,NOUN,
escalation,NOUN,
escapades,NOUN,
escapement,NOUN,
escapist,NOUN,
essay,NOUN,
essayist,NOUN,
essence,NOUN,
establishment,NOUN,
estimate,NOUN,
estimation,NOUN,
estimator,NOUN,
estrangement,NOUN,
eternity,NOUN,
ethicalness,NOUN,
ethnicity,NOUN,
ethnocentricity,NOUN,
etymologist,NOUN,
euphuism,NOUN,
evacuation,NOUN,
evaluation,NOUN,
evaluator,NOUN,
evangelist,NOUN,
evaporation,NOUN,
evasiveness,NOUN,
evenhandedness,NOUN,
evenness,NOUN,
event,NOUN,
eventfulness,NOUN,
eventuality,NOUN,
eviction,NOUN,
evidence,NOUN,
evocation,NOUN,
evolution,NOUN,
evolvement,NOUN,
exacerbation,NOUN,
exactness,NOUN,
exaggeration,NOUN,
exaggerator,NOUN,
exaltation,NOUN,
examination,NOUN,
example,NOUN,
exasperation,NOUN,
excavation,NOUN,
excellence,NOUN,
exception,NOUN,
exceptionality,NOUN,
excitability,NOUN,
excitement,NOUN,
exclamation,NOUN,
exclusiveness,NOUN,
exclusivity,NOUN,
excretion,NOUN,
executor,NOUN,
exemption,NOUN,
exhalation,NOUN,
exhaustion,NOUN,
exhibition,NOUN,
exhibitor,NOUN,
existence,NOUN,
exoneration,NOUN,
expandability,NOUN,
expansiveness,NOUN,
expectance,NOUN,
expectation,NOUN,
expedience,NOUN,
expedition,NOUN,
expeditor,NOUN,
experience,NOUN,
experiment,NOUN,
experimentation,NOUN,
expertise,NOUN,
expiration,NOUN,
explanation,NOUN,
explicitness,NOUN,
exploitation,NOUN,
exploration,NOUN,
explorer,NOUN,
explosiveness,NOUN,
exponent,NOUN,
exportation,NOUN,
exporter,NOUN,
exposition,NOUN,
exposé,NOUN,
expression,NOUN,
expressiveness,NOUN,
expressivity,NOUN,
expropriation,NOUN,
exquisiteness,NOUN,
extemporaneousness,NOUN,
extension,NOUN,
extensiveness,NOUN,
extenuation,NOUN,
exterior,NOUN,
extermination,NOUN,
exterminator,NOUN,
externality,NOUN,
externalization,NOUN,
extinction,NOUN,
extinguishment,NOUN,
extortion,NOUN,
extractability,NOUN,
extraction,NOUN,
extradition,NOUN,
extrapolation,NOUN,
extravagance,NOUN,
extremeness,NOUN,
extremist,NOUN,
extremity,NOUN,
exuberance,NOUN,
exultation,NOUN,
fabrication,NOUN,
fabricator,NOUN,
fabulousness,NOUN,
facelessness,NOUN,
facilitation,NOUN,
facilitator,NOUN,
facility,NOUN,
fact,NOUN,
faction,NOUN,
factorization,NOUN,
factuality,NOUN,
factualness,NOUN,
faculties,NOUN,
fad,NOUN,
faddishness,NOUN,
failure,NOUN,
faintness,NOUN,
fairness,NOUN,
faith,NOUN,
faithfulness,NOUN,
faithlessness,NOUN,
fallacy,NOUN,
fallibility,NOUN,
falsehood,NOUN,
falseness,NOUN,
falsification,NOUN,
fame,NOUN,
familiarity,NOUN,
familiarization,NOUN,
famishment,NOUN,
fanaticism,NOUN,
fanciness,NOUN,
fancy,NOUN,
fandom,NOUN,
fantasies,NOUN,
farfetchedness,NOUN,
farsightedness,NOUN,
fascination,NOUN,
fascism,NOUN,
fascist,NOUN,
fastidiousness,NOUN,
fastness,NOUN,
fatality,NOUN,
fate,NOUN,
fatherliness,NOUN,
fatigability,NOUN,
fault,NOUN,
faultiness,NOUN,
faults,NOUN,
favor,NOUN,
façade,NOUN,
faïence,NOUN,
fear,NOUN,
fearfulness,NOUN,
fearlessness,NOUN,
fears,NOUN,
fearsomeness,NOUN,
feasibility,NOUN,
features,NOUN,
federacy,NOUN,
federalization,NOUN,
federation,NOUN,
feeblemindedness,NOUN,
feeling,NOUN,
feistiness,NOUN,
felicitation,NOUN,
felicity,NOUN,
felinity,NOUN,
fellowship,NOUN,
femininity,NOUN,
feminist,NOUN,
feminization,NOUN,
ferment,NOUN,
fermentation,NOUN,
ferociousness,NOUN,
ferocity,NOUN,
fertility,NOUN,
fertilization,NOUN,
fervor,NOUN,
festival,NOUN,
festivity,NOUN,
feudalization,NOUN,
feverishness,NOUN,
fiancé,NOUN,
fiancée,NOUN,
fibrillation,NOUN,
fickleness,NOUN,
fiction,NOUN,
fictionalization,NOUN,
fictitiousness,NOUN,
fidelity,NOUN,
fiefdom,NOUN,
fiendishness,NOUN,
fierceness,NOUN,
fighter,NOUN,
figment,NOUN,
figure,NOUN,
filmdom,NOUN,
filminess,NOUN,
filmmaker,NOUN,
filthiness,NOUN,
filtration,NOUN,
finalist,NOUN,
finality,NOUN,
finalization,NOUN,
fineness,NOUN,
finiteness,NOUN,
firefighter,NOUN,
firmament,NOUN,
firmness,NOUN,
fitness,NOUN,
fixation,NOUN,
flagrance,NOUN,
flakiness,NOUN,
flamboyance,NOUN,
flambé,NOUN,
flammability,NOUN,
flashiness,NOUN,
flatness,NOUN,
flatteries,NOUN,
flattery,NOUN,
flatulence,NOUN,
flautist,NOUN,
flavor,NOUN,
flawlessness,NOUN,
flexibility,NOUN,
flight,NOUN,
flightiness,NOUN,
flimsiness,NOUN,
flirtation,NOUN,
flirtatiousness,NOUN,
floppiness,NOUN,
floridity,NOUN,
florist,NOUN,
flotation,NOUN,
fluctuation,NOUN,
fluffiness,NOUN,
fluidity,NOUN,
fluorescence,NOUN,
flutist,NOUN,
foaminess,NOUN,
focalization,NOUN,
foe,NOUN,
fogginess,NOUN,
folklorist,NOUN,
folksiness,NOUN,
followership,NOUN,
folly,NOUN,
fondness,NOUN,
foolhardiness,NOUN,
foolishness,NOUN,
footsteps,NOUN,
forbearance,NOUN,
forbiddance,NOUN,
force,NOUN,
forcefulness,NOUN,
forecast,NOUN,
foreground,NOUN,
foremanship,NOUN,
foresightedness,NOUN,
forestallment,NOUN,
forgetfulness,NOUN,
forgiveness,NOUN,
form,NOUN,
formality,NOUN,
formalization,NOUN,
formalness,NOUN,
formation,NOUN,
formidability,NOUN,
formlessness,NOUN,
formula,NOUN,
formulation,NOUN,
forthrightness,NOUN,
fortification,NOUN,
fortitude,NOUN,
fortuity,NOUN,
forwardness,NOUN,
fossilization,NOUN,
foulness,NOUN,
foundation,NOUN,
foxiness,NOUN,
fraction,NOUN,
fractionalization,NOUN,
fractionation,NOUN,
fragility,NOUN,
fragmentation,NOUN,
fragrance,NOUN,
frailness,NOUN,
franchisor,NOUN,
frankness,NOUN,
franticness,NOUN,
frappé,NOUN,
fraternity,NOUN,
fraternization,NOUN,
fraudulence,NOUN,
freakiness,NOUN,
freakishness,NOUN,
freedom,NOUN,
freelancer,NOUN,
freeloader,NOUN,
frenzy,NOUN,
frequentation,NOUN,
frequentness,NOUN,
freshness,NOUN,
friction,NOUN,
friendliness,NOUN,
friendship,NOUN,
frightfulness,NOUN,
frigidity,NOUN,
friskiness,NOUN,
frivolity,NOUN,
frivolousness,NOUN,
frostiness,NOUN,
frothiness,NOUN,
frozenness,NOUN,
frugality,NOUN,
fruitfulness,NOUN,
fruitiness,NOUN,
fruition,NOUN,
frustration,NOUN,
fulfillment,NOUN,
fullness,NOUN,
fumigation,NOUN,
fumigator,NOUN,
function,NOUN,
functionality,NOUN,
funeral,NOUN,
funkiness,NOUN,
funniness,NOUN,
furor,NOUN,
furtherance,NOUN,
fussiness,NOUN,
futileness,NOUN,
futility,NOUN,
futurist,NOUN,
fuzziness,NOUN,
führer,NOUN,
fête,NOUN,
gait,NOUN,
galvanization,NOUN,
gamesmanship,NOUN,
garishness,NOUN,
garnishment,NOUN,
gassiness,NOUN,
gastroenterologist,NOUN,
gaudiness,NOUN,
gawkiness,NOUN,
gaze,NOUN,
gelatinization,NOUN,
genealogist,NOUN,
generalist,NOUN,
generality,NOUN,
generalization,NOUN,
generalship,NOUN,
generation,NOUN,
generosity,NOUN,
generousness,NOUN,
geneticist,NOUN,
geniality,NOUN,
genius,NOUN,
gentlemanliness,NOUN,
gentleness,NOUN,
gentrification,NOUN,
genuineness,NOUN,
geophysicist,NOUN,
geoscience,NOUN,
germination,NOUN,
gestation,NOUN,
gestures,NOUN,
ghastliness,NOUN,
ghostliness,NOUN,
ghoulishness,NOUN,
gibberish,NOUN,
giddiness,NOUN,
giftedness,NOUN,
girlishness,NOUN,
gist,NOUN,
glaciologist,NOUN,
gladiator,NOUN,
gladness,NOUN,
glamorization,NOUN,
glamorousness,NOUN,
glance,NOUN,
glassiness,NOUN,
gleefulness,NOUN,
glibness,NOUN,
globalization,NOUN,
gloom,NOUN,
gloominess,NOUN,
glorification,NOUN,
glory,NOUN,
glossiness,NOUN,
glow,NOUN,
glumness,NOUN,
goodness,NOUN,
goofiness,NOUN,
gorgeousness,NOUN,
gossip,NOUN,
gossiper,NOUN,
governance,NOUN,
government,NOUN,
governor,NOUN,
governorship,NOUN,
grace,NOUN,
gracefulness,NOUN,
gracelessness,NOUN,
graciousness,NOUN,
gradation,NOUN,
gradualness,NOUN,
graduation,NOUN,
graininess,NOUN,
grammarian,NOUN,
grammaticalness,NOUN,
grandiosity,NOUN,
grandness,NOUN,
grandparent,NOUN,
grantor,NOUN,
granularity,NOUN,
granulation,NOUN,
grasp,NOUN,
gratefulness,NOUN,
gratification,NOUN,
gratitude,NOUN,
gratuitousness,NOUN,
gratuity,NOUN,
graveness,NOUN,
gravity,NOUN,
grayness,NOUN,
greasiness,NOUN,
greatness,NOUN,
greediness,NOUN,
greeter,NOUN,
greeting,NOUN,
gregariousness,NOUN,
grievance,NOUN,
grimace,NOUN,
griminess,NOUN,
grimness,NOUN,
grisliness,NOUN,
grittiness,NOUN,
grogginess,NOUN,
grossness,NOUN,
grotesqueness,NOUN,
grouchiness,NOUN,
growth,NOUN,
gruesomeness,NOUN,
gruffness,NOUN,
grumpiness,NOUN,
grâce,NOUN,
guarantor,NOUN,
guardedness,NOUN,
guardian,NOUN,
guardianship,NOUN,
guidance,NOUN,
guide,NOUN,
guiltiness,NOUN,
guitarist,NOUN,
gullibility,NOUN,
gumption,NOUN,
gushiness,NOUN,
gutsiness,NOUN,
gyration,NOUN,
habitation,NOUN,
habits,NOUN,
habitualness,NOUN,
habituation,NOUN,
habitué,NOUN,
hairiness,NOUN,
hairlessness,NOUN,
hairstylist,NOUN,
hallucination,NOUN,
handcraftsmanship,NOUN,
handicap,NOUN,
handsomeness,NOUN,
haplessness,NOUN,
happiness,NOUN,
harassment,NOUN,
hardheadedness,NOUN,
hardheartedness,NOUN,
hardiness,NOUN,
hardness,NOUN,
hardship,NOUN,
harmfulness,NOUN,
harmonization,NOUN,
harshness,NOUN,
hastiness,NOUN,
haughtiness,NOUN,
hawkishness,NOUN,
haziness,NOUN,
health,NOUN,
healthiness,NOUN,
heavenliness,NOUN,
heaviness,NOUN,
heavyheartedness,NOUN,
height,NOUN,
heinousness,NOUN,
helper,NOUN,
helpfulness,NOUN,
helplessness,NOUN,
herbalist,NOUN,
heredity,NOUN,
hesitance,NOUN,
hesitation,NOUN,
hibernation,NOUN,
hibernator,NOUN,
hideousness,NOUN,
highhandedness,NOUN,
hilariousness,NOUN,
hilarity,NOUN,
hindrance,NOUN,
hint,NOUN,
hipness,NOUN,
historian,NOUN,
historicalness,NOUN,
history,NOUN,
hobbyist,NOUN,
home,NOUN,
homeliness,NOUN,
homesickness,NOUN,
hominess,NOUN,
homogenization,NOUN,
honor,NOUN,
honorability,NOUN,
hope,NOUN,
hopefulness,NOUN,
hopelessness,NOUN,
horde,NOUN,
horridness,NOUN,
horror,NOUN,
horsemanship,NOUN,
horsepower,NOUN,
horticulturist,NOUN,
hospitality,NOUN,
hospitalization,NOUN,
hostility,NOUN,
hotheadedness,NOUN,
hotness,NOUN,
huffiness,NOUN,
hugeness,NOUN,
humanitarian,NOUN,
humanity,NOUN,
humanization,NOUN,
humankind,NOUN,
humanness,NOUN,
humbleness,NOUN,
humidity,NOUN,
humiliation,NOUN,
humility,NOUN,
humor,NOUN,
humorist,NOUN,
hungriness,NOUN,
hurriedness,NOUN,
hurtfulness,NOUN,
huskiness,NOUN,
hydration,NOUN,
hygienist,NOUN,
hyperactivity,NOUN,
hyperawareness,NOUN,
hyperinflation,NOUN,
hyperirritability,NOUN,
hyperparathyroidism,NOUN,
hypersensitivity,NOUN,
hyphenation,NOUN,
hypnotherapist,NOUN,
hypnotist,NOUN,
hypocrisy,NOUN,
hypothesis,NOUN,
iciness,NOUN,
idea,NOUN,
idealist,NOUN,
idealization,NOUN,
ideals,NOUN,
ideas,NOUN,
identicalness,NOUN,
identification,NOUN,
identity,NOUN,
idiosyncrasies,NOUN,
idleness,NOUN,
idolization,NOUN,
ignorance,NOUN,
illegality,NOUN,
illegalization,NOUN,
illegibility,NOUN,
illegitimacy,NOUN,
illicitness,NOUN,
illiquidity,NOUN,
illiteracy,NOUN,
illiterateness,NOUN,
illness,NOUN,
illogicalness,NOUN,
illumination,NOUN,
illusionist,NOUN,
illusions,NOUN,
illusiveness,NOUN,
illustration,NOUN,
illustrator,NOUN,
illustriousness,NOUN,
imagery,NOUN,
imagination,NOUN,
imaginativeness,NOUN,
imbalance,NOUN,
imitation,NOUN,
imitator,NOUN,
immaculacy,NOUN,
immaturity,NOUN,
immediacy,NOUN,
immigration,NOUN,
immobilization,NOUN,
immoderacy,NOUN,
immorality,NOUN,
immortality,NOUN,
immortalization,NOUN,
immunity,NOUN,
immunization,NOUN,
impairment,NOUN,
impalement,NOUN,
impartiality,NOUN,
impassivity,NOUN,
impatience,NOUN,
impeachment,NOUN,
impediment,NOUN,
imperativeness,NOUN,
imperfection,NOUN,
imperfectness,NOUN,
imperialist,NOUN,
imperilment,NOUN,
impermanence,NOUN,
impersonation,NOUN,
impersonator,NOUN,
impertinence,NOUN,
impetuousness,NOUN,
impingement,NOUN,
impishness,NOUN,
implausibility,NOUN,
implementation,NOUN,
implication,NOUN,
implicitness,NOUN,
impoliteness,NOUN,
importance,NOUN,
imposition,NOUN,
impossibility,NOUN,
imposter,NOUN,
impostor,NOUN,
impoundment,NOUN,
impoverishment,NOUN,
impracticality,NOUN,
impression,NOUN,
impressiveness,NOUN,
imprisonment,NOUN,
improbability,NOUN,
improperness,NOUN,
improvement,NOUN,
improvisation,NOUN,
imprudence,NOUN,
impudence,NOUN,
impulse,NOUN,
impulsiveness,NOUN,
impulsivity,NOUN,
impunity,NOUN,
impureness,NOUN,
impurity,NOUN,
inability,NOUN,
inaccessibility,NOUN,
inaccuracy,NOUN,
inaction,NOUN,
inactivation,NOUN,
inactivity,NOUN,
inadequacy,NOUN,
inadequateness,NOUN,
inadmissibility,NOUN,
inappropriateness,NOUN,
inarticulacy,NOUN,
inattention,NOUN,
incapacitation,NOUN,
incarceration,NOUN,
inception,NOUN,
incidence,NOUN,
incident,NOUN,
incineration,NOUN,
incisiveness,NOUN,
incitement,NOUN,
inciter,NOUN,
incivility,NOUN,
inclination,NOUN,
incoherence,NOUN,
incompatibility,NOUN,
incompetence,NOUN,
incompleteness,NOUN,
incongruence,NOUN,
incongruity,NOUN,
inconsiderateness,NOUN,
inconvenience,NOUN,
incorrectness,NOUN,
incredibleness,NOUN,
increment,NOUN,
incubation,NOUN,
incumbent,NOUN,
indebtedness,NOUN,
indecisiveness,NOUN,
indelicacy,NOUN,
indentation,NOUN,
independence,NOUN,
indeterminacy,NOUN,
indication,NOUN,
indicator,NOUN,
indictment,NOUN,
indifference,NOUN,
indigence,NOUN,
indigenousness,NOUN,
indigestion,NOUN,
indignation,NOUN,
indignity,NOUN,
indiscretion,NOUN,
individuality,NOUN,
indivisibility,NOUN,
indoctrination,NOUN,
indolence,NOUN,
inducement,NOUN,
induction,NOUN,
indulgence,NOUN,
industrialist,NOUN,
industrialization,NOUN,
ineffectiveness,NOUN,
ineffectualness,NOUN,
inefficacy,NOUN,
inefficiency,NOUN,
inelasticity,NOUN,
ineligibility,NOUN,
ineptitude,NOUN,
ineptness,NOUN,
inequality,NOUN,
inexistence,NOUN,
inexpedience,NOUN,
inexpensiveness,NOUN,
inexperience,NOUN,
infallibility,NOUN,
infatuation,NOUN,
infeasibility,NOUN,
infection,NOUN,
inference,NOUN,
inferiority,NOUN,
infestation,NOUN,
infiltration,NOUN,
infiniteness,NOUN,
infinity,NOUN,
infirmity,NOUN,
inflammability,NOUN,
inflammation,NOUN,
inflation,NOUN,
inflection,NOUN,
inflexibility,NOUN,
infliction,NOUN,
influence,NOUN,
informality,NOUN,
informant,NOUN,
information,NOUN,
informer,NOUN,
infraction,NOUN,
infrequence,NOUN,
infringement,NOUN,
ingeniousness,NOUN,
ingenuity,NOUN,
ingratitude,NOUN,
ingredient,NOUN,
inhabitant,NOUN,
inhalant,NOUN,
inhalation,NOUN,
inharmoniousness,NOUN,
inheritance,NOUN,
inheritor,NOUN,
inhibition,NOUN,
inhibitor,NOUN,
inhumanity,NOUN,
inhumanness,NOUN,
initialization,NOUN,
initiation,NOUN,
injection,NOUN,
injunction,NOUN,
injustice,NOUN,
innocence,NOUN,
innovation,NOUN,
innumeracy,NOUN,
inoculation,NOUN,
inoffensiveness,NOUN,
inopportuneness,NOUN,
inquisition,NOUN,
inquisitor,NOUN,
insanity,NOUN,
inscription,NOUN,
insecurity,NOUN,
inseparability,NOUN,
insertion,NOUN,
insidiousness,NOUN,
insight,NOUN,
insignificance,NOUN,
insincerity,NOUN,
insinuation,NOUN,
insinuator,NOUN,
insistence,NOUN,
insolence,NOUN,
inspection,NOUN,
inspector,NOUN,
inspectorship,NOUN,
inspiration,NOUN,
instability,NOUN,
installation,NOUN,
installment,NOUN,
instance,NOUN,
instigator,NOUN,
instillation,NOUN,
instinct,NOUN,
institution,NOUN,
institutionalization,NOUN,
instruction,NOUN,
instructor,NOUN,
instructorship,NOUN,
insubordination,NOUN,
insulation,NOUN,
insurability,NOUN,
insurance,NOUN,
insurgence,NOUN,
insurrection,NOUN,
intangibility,NOUN,
intangibleness,NOUN,
integrity,NOUN,
intellectualization,NOUN,
intellectualness,NOUN,
intelligence,NOUN,
intelligibility,NOUN,
intemperance,NOUN,
intenseness,NOUN,
intensification,NOUN,
intensity,NOUN,
intention,NOUN,
interaction,NOUN,
interception,NOUN,
interceptor,NOUN,
interchangeability,NOUN,
interconnectedness,NOUN,
interconnection,NOUN,
interdependence,NOUN,
interference,NOUN,
interjection,NOUN,
interjector,NOUN,
interlacement,NOUN,
intermediacy,NOUN,
interment,NOUN,
internalization,NOUN,
internment,NOUN,
internship,NOUN,
interpreter,NOUN,
interrelatedness,NOUN,
interrelationship,NOUN,
interrogation,NOUN,
interrogator,NOUN,
interrupter,NOUN,
interruption,NOUN,
intersection,NOUN,
intertwinement,NOUN,
intervention,NOUN,
intimacy,NOUN,
intimidation,NOUN,
intimidator,NOUN,
intolerability,NOUN,
intolerance,NOUN,
intonation,NOUN,
intrepidness,NOUN,
intricacy,NOUN,
introduction,NOUN,
introspection,NOUN,
intrusiveness,NOUN,
intuition,NOUN,
intuitiveness,NOUN,
invalidator,NOUN,
invalidity,NOUN,
invariability,NOUN,
invasiveness,NOUN,
invention,NOUN,
inventor,NOUN,
inventory,NOUN,
investigation,NOUN,
investigator,NOUN,
investment,NOUN,
investor,NOUN,
inveteracy,NOUN,
invincibility,NOUN,
inviolacy,NOUN,
invisibility,NOUN,
invitation,NOUN,
involvement,NOUN,
invulnerability,NOUN,
inwardness,NOUN,
ion,NOUN,
ionization,NOUN,
iridescence,NOUN,
irksomeness,NOUN,
irradiation,NOUN,
irrationality,NOUN,
irrefutability,NOUN,
irregularity,NOUN,
irrelevance,NOUN,
irresistibility,NOUN,
irresponsibility,NOUN,
irresponsiveness,NOUN,
irreverence,NOUN,
irrigation,NOUN,
irritability,NOUN,
irritant,NOUN,
irritation,NOUN,
isocracy,NOUN,
isolation,NOUN,
isolationism,NOUN,
isolationist,NOUN,
itchiness,NOUN,
iterance,NOUN,
jadedness,NOUN,
jaggedness,NOUN,
jailor,NOUN,
jalapeño,NOUN,
janitor,NOUN,
jargon,NOUN,
jazziness,NOUN,
jealousness,NOUN,
jealousy,NOUN,
joblessness,NOUN,
jocularity,NOUN,
joker,NOUN,
jollification,NOUN,
jolliness,NOUN,
journalist,NOUN,
joviality,NOUN,
joy,NOUN,
joyfulness,NOUN,
joylessness,NOUN,
joyousness,NOUN,
jubilance,NOUN,
jubilation,NOUN,
judgeship,NOUN,
judgment,NOUN,
judiciousness,NOUN,
juiciness,NOUN,
junction,NOUN,
junior,NOUN,
jurisdiction,NOUN,
jurisprudence,NOUN,
jurist,NOUN,
juror,NOUN,
justice,NOUN,
justification,NOUN,
juxtaposition,NOUN,
keenness,NOUN,
keyboardist,NOUN,
kindheartedness,NOUN,
kindness,NOUN,
kingdom,NOUN,
kingship,NOUN,
kinship,NOUN,
klutziness,NOUN,
knowledge,NOUN,
kookiness,NOUN,
laboratory,NOUN,
labyrinth,NOUN,
laceration,NOUN,
ladyship,NOUN,
lament,NOUN,
landownership,NOUN,
language,NOUN,
languishment,NOUN,
lapse,NOUN,
largeness,NOUN,
lateness,NOUN,
laugh,NOUN,
laughableness,NOUN,
laughter,NOUN,
lavishness,NOUN,
law,NOUN,
lawbreaker,NOUN,
lawfulness,NOUN,
lawlessness,NOUN,
laxness,NOUN,
laziness,NOUN,
leadership,NOUN,
learner,NOUN,
legacy,NOUN,
legality,NOUN,
legalization,NOUN,
legislation,NOUN,
legislator,NOUN,
legitimacy,NOUN,
lengthiness,NOUN,
levelheadedness,NOUN,
levitation,NOUN,
levity,NOUN,
liability,NOUN,
liberalization,NOUN,
liberation,NOUN,
liberator,NOUN,
libertarian,NOUN,
librarian,NOUN,
librarianship,NOUN,
license,NOUN,
licensor,NOUN,
lie,NOUN,
lieutenant,NOUN,
life,NOUN,
lifelessness,NOUN,
ligation,NOUN,
light,NOUN,
lightheartedness,NOUN,
lightness,NOUN,
likability,NOUN,
likeness,NOUN,
limitation,NOUN,
limitlessness,NOUN,
lineage,NOUN,
linguist,NOUN,
liquidation,NOUN,
liquidator,NOUN,
liquidity,NOUN,
listener,NOUN,
listenership,NOUN,
literacy,NOUN,
litigant,NOUN,
litigation,NOUN,
litigator,NOUN,
liveliness,NOUN,
loafer,NOUN,
lobbyist,NOUN,
location,NOUN,
locution,NOUN,
loftiness,NOUN,
logicalness,NOUN,
loneliness,NOUN,
lonesomeness,NOUN,
longevity,NOUN,
longing,NOUN,
look,NOUN,
looks,NOUN,
looseness,NOUN,
lopsidedness,NOUN,
loquaciousness,NOUN,
lordship,NOUN,
loudness,NOUN,
loutishness,NOUN,
lovability,NOUN,
love,NOUN,
loveliness,NOUN,
lowliness,NOUN,
loyalist,NOUN,
loyalty,NOUN,
lucidity,NOUN,
luckiness,NOUN,
ludicrousness,NOUN,
luminescence,NOUN,
luminosity,NOUN,
luminousness,NOUN,
lumpiness,NOUN,
lunacy,NOUN,
lusciousness,NOUN,
lushness,NOUN,
luster,NOUN,
luxuriousness,NOUN,
luxury,NOUN,
lyricist,NOUN,
machinist,NOUN,
madness,NOUN,
magician,NOUN,
magistracy,NOUN,
magnetization,NOUN,
magnification,NOUN,
magnificence,NOUN,
magniloquence,NOUN,
magnitude,NOUN,
maintainability,NOUN,
maintenance,NOUN,
majority,NOUN,
maladjustment,NOUN,
malcontent,NOUN,
malevolence,NOUN,
malfeasance,NOUN,
malformation,NOUN,
malfunction,NOUN,
malice,NOUN,
maliciousness,NOUN,
malnutrition,NOUN,
maltreatment,NOUN,
mammal,NOUN,
manageability,NOUN,
management,NOUN,
manager,NOUN,
maneuverability,NOUN,
manicurist,NOUN,
manifestation,NOUN,
manipulation,NOUN,
manipulator,NOUN,
mankind,NOUN,
manner,NOUN,
marketability,NOUN,
marketer,NOUN,
marksmanship,NOUN,
martyrdom,NOUN,
masculinity,NOUN,
massiveness,NOUN,
mastery,NOUN,
materialization,NOUN,
maternity,NOUN,
math,NOUN,
mathematician,NOUN,
mathematics,NOUN,
matriculation,NOUN,
maturation,NOUN,
maturity,NOUN,
maximization,NOUN,
meagerness,NOUN,
meaning,NOUN,
meaningfulness,NOUN,
meaninglessness,NOUN,
meanness,NOUN,
measurability,NOUN,
measurement,NOUN,
mechanization,NOUN,
medalist,NOUN,
meddlesomeness,NOUN,
mediation,NOUN,
mediator,NOUN,
medication,NOUN,
medievalist,NOUN,
mediocrity,NOUN,
meditation,NOUN,
meditator,NOUN,
meekness,NOUN,
mellowness,NOUN,
membership,NOUN,
memorization,NOUN,
memory,NOUN,
mentalist,NOUN,
mentality,NOUN,
mentor,NOUN,
mentorship,NOUN,
merchant,NOUN,
merit,NOUN,
meritocracy,NOUN,
merriment,NOUN,
merriness,NOUN,
mess,NOUN,
messiness,NOUN,
metallization,NOUN,
metaphor,NOUN,
meteorologist,NOUN,
method,NOUN,
meticulousness,NOUN,
microbiologist,NOUN,
micromanagement,NOUN,
mightiness,NOUN,
migrant,NOUN,
migration,NOUN,
migrator,NOUN,
mildness,NOUN,
militant,NOUN,
militarism,NOUN,
militarization,NOUN,
mind,NOUN,
mindfulness,NOUN,
mindlessness,NOUN,
miniaturization,NOUN,
minimalist,NOUN,
minimization,NOUN,
minimizer,NOUN,
minor,NOUN,
minority,NOUN,
mirth,NOUN,
mirthfulness,NOUN,
misadministration,NOUN,
misalignment,NOUN,
misalliance,NOUN,
misapplication,NOUN,
misappropriation,NOUN,
misbalance,NOUN,
misbehavior,NOUN,
miscalculation,NOUN,
mischaracterization,NOUN,
mischievousness,NOUN,
misclassification,NOUN,
miscommunication,NOUN,
misdemeanor,NOUN,
miser,NOUN,
miserliness,NOUN,
misery,NOUN,
misfeasance,NOUN,
misgivings,NOUN,
misguidance,NOUN,
misinformation,NOUN,
misinterpretation,NOUN,
misjudgment,NOUN,
mismanagement,NOUN,
misperception,NOUN,
misplacement,NOUN,
mispronunciation,NOUN,
misrepresentation,NOUN,
misstatement,NOUN,
mistake,NOUN,
mistreatment,NOUN,
mistrustfulness,NOUN,
mitigation,NOUN,
mobility,NOUN,
mobilization,NOUN,
mobocracy,NOUN,
modality,NOUN,
mode,NOUN,
moderation,NOUN,
moderator,NOUN,
modernization,NOUN,
modesty,NOUN,
modification,NOUN,
modularity,NOUN,
modulation,NOUN,
moistness,NOUN,
moldiness,NOUN,
moment,NOUN,
monarchist,NOUN,
monetization,NOUN,
monocracy,NOUN,
monopolization,NOUN,
monotone,NOUN,
monotony,NOUN,
monstrosity,NOUN,
monumentality,NOUN,
mood,NOUN,
moodiness,NOUN,
moralist,NOUN,
morality,NOUN,
morals,NOUN,
morbidity,NOUN,
moroseness,NOUN,
mortality,NOUN,
mortician,NOUN,
motherliness,NOUN,
motion,NOUN,
motionlessness,NOUN,
motivation,NOUN,
motivator,NOUN,
motive,NOUN,
motorcyclist,NOUN,
motorist,NOUN,
motorization,NOUN,
mournfulness,NOUN,
mousiness,NOUN,
movement,NOUN,
moviedom,NOUN,
muddiness,NOUN,
mugginess,NOUN,
multidimensionality,NOUN,
multiplication,NOUN,
multiplicity,NOUN,
multitude,NOUN,
mummification,NOUN,
municipality,NOUN,
muralist,NOUN,
murkiness,NOUN,
murmur,NOUN,
muscularity,NOUN,
mushiness,NOUN,
music,NOUN,
musicality,NOUN,
musicianship,NOUN,
musicologist,NOUN,
muskiness,NOUN,
mustiness,NOUN,
mutant,NOUN,
mutation,NOUN,
mutilation,NOUN,
mysteriousness,NOUN,
mystification,NOUN,
mythologist,NOUN,
namelessness,NOUN,
nap,NOUN,
narcissism,NOUN,
narcissist,NOUN,
narration,NOUN,
narrator,NOUN,
narrowness,NOUN,
nasality,NOUN,
nastiness,NOUN,
nation,NOUN,
nationalism,NOUN,
nationality,NOUN,
nationalization,NOUN,
naturalist,NOUN,
naturalization,NOUN,
naturalness,NOUN,
nature,NOUN,
naughtiness,NOUN,
navigation,NOUN,
navigator,NOUN,
naïve,NOUN,
naïveté,NOUN,
nearness,NOUN,
nearsightedness,NOUN,
neatness,NOUN,
nebulosity,NOUN,
nebulousness,NOUN,
necessitation,NOUN,
necessity,NOUN,
neediness,NOUN,
needs,NOUN,
negation,NOUN,
negativity,NOUN,
neglect,NOUN,
neglectfulness,NOUN,
negligence,NOUN,
negligée,NOUN,
negotiability,NOUN,
negotiation,NOUN,
negotiator,NOUN,
neighbor,NOUN,
neighborhood,NOUN,
neighborliness,NOUN,
nerviness,NOUN,
nervousness,NOUN,
neurologist,NOUN,
neuroscience,NOUN,
neuroscientist,NOUN,
neuroticism,NOUN,
neurotoxicity,NOUN,
neutrality,NOUN,
neutralization,NOUN,
newness,NOUN,
newsworthiness,NOUN,
niceness,NOUN,
niceties,NOUN,
nihilism,NOUN,
nihilist,NOUN,
nimbleness,NOUN,
nobility,NOUN,
nobleness,NOUN,
noisiness,NOUN,
nomination,NOUN,
nonalignment,NOUN,
nonappearance,NOUN,
nonattachment,NOUN,
nonattendance,NOUN,
nonchalance,NOUN,
noncombatant,NOUN,
noncompliance,NOUN,
nonconformance,NOUN,
nonconformist,NOUN,
nonconformity,NOUN,
nonentity,NOUN,
nonexistence,NOUN,
nonfulfillment,NOUN,
noninvolvement,NOUN,
nonobservance,NOUN,
nonoccurrence,NOUN,
nonparticipant,NOUN,
nonpartisanship,NOUN,
nonpayment,NOUN,
nonperformance,NOUN,
nonresistance,NOUN,
nonsense,NOUN,
nonviolence,NOUN,
normality,NOUN,
normalization,NOUN,
nosiness,NOUN,
notarization,NOUN,
notation,NOUN,
noteworthiness,NOUN,
nothingness,NOUN,
notification,NOUN,
notion,NOUN,
nourishment,NOUN,
novelist,NOUN,
novelty,NOUN,
nuance,NOUN,
nuisance,NOUN,
nullification,NOUN,
numbness,NOUN,
numeracy,NOUN,
numeration,NOUN,
numerator,NOUN,
nutrient,NOUN,
nutrition,NOUN,
nutritionist,NOUN,
nuttiness,NOUN,
né,NOUN,
née,NOUN,
oafishness,NOUN,
obedience,NOUN,
obesity,NOUN,
objectification,NOUN,
objection,NOUN,
objectiveness,NOUN,
objectivity,NOUN,
obligation,NOUN,
obliteration,NOUN,
obliviousness,NOUN,
obnoxiousness,NOUN,
obscurity,NOUN,
observance,NOUN,
observation,NOUN,
observatory,NOUN,
observer,NOUN,
obsolescence,NOUN,
obstinacy,NOUN,
obstruction,NOUN,
obtainment,NOUN,
obtrusiveness,NOUN,
obtuseness,NOUN,
obviousness,NOUN,
occupant,NOUN,
occupation,NOUN,
occurrence,NOUN,
oddities,NOUN,
oddity,NOUN,
oddness,NOUN,
odor,NOUN,
offence,NOUN,
offensiveness,NOUN,
offhandedness,NOUN,
officer,NOUN,
officiousness,NOUN,
oiliness,NOUN,
oldness,NOUN,
omnipotence,NOUN,
omnipresence,NOUN,
oncologist,NOUN,
one-upmanship,NOUN,
oneness,NOUN,
ooziness,NOUN,
opacity,NOUN,
opalescence,NOUN,
opaqueness,NOUN,
openhandedness,NOUN,
openheartedness,NOUN,
opening,NOUN,
openness,NOUN,
operation,NOUN,
operator,NOUN,
ophthalmologist,NOUN,
opinion,NOUN,
opponent,NOUN,
opportunist,NOUN,
opportunities,NOUN,
opportunity,NOUN,
opposition,NOUN,
oppression,NOUN,
oppressiveness,NOUN,
oppressor,NOUN,
optimism,NOUN,
optimization,NOUN,
option,NOUN,
optometrist,NOUN,
opulence,NOUN,
oration,NOUN,
orator,NOUN,
orchestration,NOUN,
orchestrator,NOUN,
orderliness,NOUN,
ordinance,NOUN,
ordinariness,NOUN,
organist,NOUN,
organization,NOUN,
orientation,NOUN,
originality,NOUN,
origination,NOUN,
originator,NOUN,
ornamentation,NOUN,
orneriness,NOUN,
orthodontist,NOUN,
oscillation,NOUN,
ossification,NOUN,
otherness,NOUN,
otherworldliness,NOUN,
outburst,NOUN,
outcry,NOUN,
outgoingness,NOUN,
outlandishness,NOUN,
outline,NOUN,
outrageousness,NOUN,
outspokenness,NOUN,
ovation,NOUN,
overabundance,NOUN,
overachievement,NOUN,
overcapacity,NOUN,
overcompensation,NOUN,
overconfidence,NOUN,
overconsumption,NOUN,
overcorrection,NOUN,
overdependence,NOUN,
overdevelopment,NOUN,
overestimation,NOUN,
overexertion,NOUN,
overgeneralization,NOUN,
overinvestment,NOUN,
overpayment,NOUN,
overreaction,NOUN,
overreliance,NOUN,
oversaturation,NOUN,
oversimplification,NOUN,
overstatement,NOUN,
overtreatment,NOUN,
overutilization,NOUN,
overvaluation,NOUN,
overzealousness,NOUN,
owner,NOUN,
ownership,NOUN,
oxidation,NOUN,
oxygenation,NOUN,
pacification,NOUN,
pacifist,NOUN,
pageant,NOUN,
painfulness,NOUN,
painlessness,NOUN,
painter,NOUN,
palatability,NOUN,
paleness,NOUN,
paleontologist,NOUN,
palpability,NOUN,
papacy,NOUN,
papier-mâché,NOUN,
parent,NOUN,
parity,NOUN,
parlance,NOUN,
parody,NOUN,
partiality,NOUN,
participant,NOUN,
participation,NOUN,
participator,NOUN,
partisanship,NOUN,
partition,NOUN,
partnership,NOUN,
passion,NOUN,
passiveness,NOUN,
passivity,NOUN,
passé,NOUN,
pasteurization,NOUN,
pastiness,NOUN,
pastor,NOUN,
patchiness,NOUN,
pathologist,NOUN,
pathos,NOUN,
patience,NOUN,
patient,NOUN,
patronization,NOUN,
paunchiness,NOUN,
payment,NOUN,
peacefulness,NOUN,
peasant,NOUN,
peculiarities,NOUN,
peculiarity,NOUN,
pedestrian,NOUN,
pediatrician,NOUN,
peevishness,NOUN,
penalization,NOUN,
penance,NOUN,
penitence,NOUN,
penmanship,NOUN,
pensiveness,NOUN,
peppiness,NOUN,
perception,NOUN,
perceptiveness,NOUN,
perceptivity,NOUN,
percolation,NOUN,
percussionist,NOUN,
perdition,NOUN,
perfectibility,NOUN,
perfection,NOUN,
perfectionist,NOUN,
perfectness,NOUN,
perforation,NOUN,
performance,NOUN,
performer,NOUN,
period,NOUN,
perkiness,NOUN,
permanence,NOUN,
permeability,NOUN,
permeation,NOUN,
permissibility,NOUN,
permission,NOUN,
permissiveness,NOUN,
permutation,NOUN,
perpendicularity,NOUN,
perpetration,NOUN,
perpetrator,NOUN,
perpetuation,NOUN,
perpetuator,NOUN,
perpetuity,NOUN,
perplexity,NOUN,
persecution,NOUN,
persecutor,NOUN,
perseverance,NOUN,
persistence,NOUN,
persistency,NOUN,
personality,NOUN,
personalization,NOUN,
personification,NOUN,
perspiration,NOUN,
persuader,NOUN,
persuasiveness,NOUN,
pertinence,NOUN,
pertness,NOUN,
pervasiveness,NOUN,
pessimist,NOUN,
pestilence,NOUN,
petition,NOUN,
pettiness,NOUN,
petulance,NOUN,
pharmacist,NOUN,
philanthropist,NOUN,
phoniness,NOUN,
photojournalist,NOUN,
physicality,NOUN,
physician,NOUN,
physicist,NOUN,
phở,NOUN,
pianist,NOUN,
pigheadedness,NOUN,
pigmentation,NOUN,
pinkness,NOUN,
piousness,NOUN,
piracy,NOUN,
pithiness,NOUN,
pitilessness,NOUN,
pittance,NOUN,
pity,NOUN,
pixelation,NOUN,
pixilation,NOUN,
pièce,NOUN,
piña-colada,NOUN,
piñata,NOUN,
placation,NOUN,
place,NOUN,
placement,NOUN,
placidity,NOUN,
placidness,NOUN,
plagiarist,NOUN,
plainness,NOUN,
plaintiveness,NOUN,
plantation,NOUN,
plasticity,NOUN,
platitudes,NOUN,
plausibility,NOUN,
playability,NOUN,
player,NOUN,
playfulness,NOUN,
pleasance,NOUN,
pleasantness,NOUN,
pleasantries,NOUN,
pleasure,NOUN,
plentitude,NOUN,
pliability,NOUN,
plight,NOUN,
pluckiness,NOUN,
plumpness,NOUN,
plurality,NOUN,
plutocracy,NOUN,
podiatrist,NOUN,
point,NOUN,
pointlessness,NOUN,
pokiness,NOUN,
polarity,NOUN,
polarization,NOUN,
politeness,NOUN,
politician,NOUN,
politics,NOUN,
pollination,NOUN,
pollinator,NOUN,
pollutant,NOUN,
polluter,NOUN,
pollution,NOUN,
pomposity,NOUN,
pompousness,NOUN,
pontification,NOUN,
pontificator,NOUN,
poorness,NOUN,
popularity,NOUN,
popularization,NOUN,
population,NOUN,
porosity,NOUN,
portability,NOUN,
portion,NOUN,
portliness,NOUN,
portrayal,NOUN,
position,NOUN,
positivity,NOUN,
possession,NOUN,
possessiveness,NOUN,
possessor,NOUN,
possibility,NOUN,
posterity,NOUN,
postponement,NOUN,
postproduction,NOUN,
postretirement,NOUN,
postulation,NOUN,
postulator,NOUN,
posture,NOUN,
potentialities,NOUN,
potentiality,NOUN,
potion,NOUN,
power,NOUN,
powerlessness,NOUN,
practicality,NOUN,
practitioner,NOUN,
pragmatist,NOUN,
praise,NOUN,
praiseworthiness,NOUN,
pre-tournament,NOUN,
prearrangement,NOUN,
precaution,NOUN,
precedence,NOUN,
preciousness,NOUN,
precipitation,NOUN,
precipitator,NOUN,
preciseness,NOUN,
precision,NOUN,
precociousness,NOUN,
precognition,NOUN,
preconception,NOUN,
precursor,NOUN,
predation,NOUN,
predator,NOUN,
predecessor,NOUN,
predicament,NOUN,
predication,NOUN,
predictability,NOUN,
prediction,NOUN,
predictor,NOUN,
predisposition,NOUN,
preemption,NOUN,
preference,NOUN,
preferment,NOUN,
prejudgment,NOUN,
prejudice,NOUN,
premeditation,NOUN,
premonition,NOUN,
preoccupation,NOUN,
preparation,NOUN,
preparedness,NOUN,
prepayment,NOUN,
preponderance,NOUN,
preposition,NOUN,
preposterousness,NOUN,
prepublication,NOUN,
prequalification,NOUN,
preregistration,NOUN,
prerequisite,NOUN,
preretirement,NOUN,
prescription,NOUN,
presence,NOUN,
present,NOUN,
presentation,NOUN,
preservation,NOUN,
president,NOUN,
pressurization,NOUN,
presumption,NOUN,
presumptuousness,NOUN,
presupposition,NOUN,
pretender,NOUN,
pretense,NOUN,
pretentiousness,NOUN,
pretreatment,NOUN,
prettiness,NOUN,
prevalence,NOUN,
preventability,NOUN,
prevention,NOUN,
prickliness,NOUN,
pride,NOUN,
pridefulness,NOUN,
priggishness,NOUN,
primacy,NOUN,
primatologist,NOUN,
primitiveness,NOUN,
primness,NOUN,
printability,NOUN,
printer,NOUN,
prioritization,NOUN,
priority,NOUN,
prisoner,NOUN,
prissiness,NOUN,
privacy,NOUN,
privation,NOUN,
privatization,NOUN,
privilege,NOUN,
probability,NOUN,
probation,NOUN,
problem,NOUN,
processor,NOUN,
proclaimer,NOUN,
proclamation,NOUN,
proclivity,NOUN,
procrastination,NOUN,
procrastinator,NOUN,
proctor,NOUN,
procurement,NOUN,
procurer,NOUN,
producer,NOUN,
production,NOUN,
productiveness,NOUN,
productivity,NOUN,
profaneness,NOUN,
profanity,NOUN,
profession,NOUN,
professionalization,NOUN,
professor,NOUN,
professorship,NOUN,
profitability,NOUN,
profitableness,NOUN,
profligacy,NOUN,
profoundness,NOUN,
prognostication,NOUN,
prognosticator,NOUN,
program,NOUN,
programmability,NOUN,
progress,NOUN,
progressiveness,NOUN,
prohibition,NOUN,
project,NOUN,
projection,NOUN,
proliferation,NOUN,
prolificacy,NOUN,
prolongation,NOUN,
prominence,NOUN,
promise,NOUN,
promisor,NOUN,
promoter,NOUN,
promotion,NOUN,
promptness,NOUN,
promulgator,NOUN,
proneness,NOUN,
pronouncement,NOUN,
pronunciation,NOUN,
proof,NOUN,
proofreader,NOUN,
propaganda,NOUN,
propagandist,NOUN,
propagation,NOUN,
propagator,NOUN,
propellant,NOUN,
propensity,NOUN,
prophecy,NOUN,
proponent,NOUN,
proportion,NOUN,
proposition,NOUN,
proprietor,NOUN,
proprietorship,NOUN,
prosecution,NOUN,
prosecutor,NOUN,
prospect,NOUN,
prospector,NOUN,
prosperity,NOUN,
protagonist,NOUN,
protectant,NOUN,
protection,NOUN,
protector,NOUN,
protest,NOUN,
protestor,NOUN,
protégé,NOUN,
protégée,NOUN,
provenience,NOUN,
providence,NOUN,
provocation,NOUN,
prowess,NOUN,
prowler,NOUN,
proximity,NOUN,
prudence,NOUN,
pseudoscience,NOUN,
psychiatrist,NOUN,
psychologist,NOUN,
psychotherapist,NOUN,
publication,NOUN,
publicist,NOUN,
publicity,NOUN,
pudginess,NOUN,
puffiness,NOUN,
pugnacity,NOUN,
pulpiness,NOUN,
pulsation,NOUN,
pulverization,NOUN,
punctuality,NOUN,
punctuation,NOUN,
puniness,NOUN,
punishment,NOUN,
pureness,NOUN,
purgatory,NOUN,
purification,NOUN,
purist,NOUN,
purity,NOUN,
purpose,NOUN,
purposefulness,NOUN,
purposelessness,NOUN,
pursuance,NOUN,
pursuer,NOUN,
pursuit,NOUN,
purveyance,NOUN,
purveyor,NOUN,
purée,NOUN,
pushiness,NOUN,
putridity,NOUN,
puzzlement,NOUN,
pâté,NOUN,
quaintness,NOUN,
qualification,NOUN,
qualities,NOUN,
quality,NOUN,
quantification,NOUN,
quantity,NOUN,
quarrelsomeness,NOUN,
quarterfinalist,NOUN,
queasiness,NOUN,
quest,NOUN,
question,NOUN,
quickness,NOUN,
quietness,NOUN,
quintessence,NOUN,
quirkiness,NOUN,
quizzicality,NOUN,
quotation,NOUN,
quotient,NOUN,
rabblement,NOUN,
radiance,NOUN,
radiation,NOUN,
radicalization,NOUN,
radioactivity,NOUN,
raggedness,NOUN,
rakishness,NOUN,
rambunctiousness,NOUN,
ramification,NOUN,
rancidness,NOUN,
randomization,NOUN,
randomness,NOUN,
rankness,NOUN,
rant,NOUN,
rapidity,NOUN,
rapidness,NOUN,
rareness,NOUN,
rarity,NOUN,
rashness,NOUN,
ratification,NOUN,
ration,NOUN,
rationality,NOUN,
rationalization,NOUN,
raucousness,NOUN,
ravishment,NOUN,
rawness,NOUN,
reaction,NOUN,
reactivation,NOUN,
reactivity,NOUN,
readability,NOUN,
reader,NOUN,
readership,NOUN,
readiness,NOUN,
readjustment,NOUN,
reaffirmation,NOUN,
realignment,NOUN,
realism,NOUN,
reality,NOUN,
realization,NOUN,
reallocation,NOUN,
realness,NOUN,
realtor,NOUN,
reanimation,NOUN,
reappearance,NOUN,
reapplication,NOUN,
reappointment,NOUN,
reapportion,NOUN,
reapportionment,NOUN,
rearrangement,NOUN,
reason,NOUN,
reasonability,NOUN,
reasonableness,NOUN,
reasoning,NOUN,
reassessment,NOUN,
reassignment,NOUN,
reassurance,NOUN,
reattachment,NOUN,
rebelliousness,NOUN,
rebuke,NOUN,
recalibration,NOUN,
recapitalization,NOUN,
receivership,NOUN,
recentness,NOUN,
reception,NOUN,
receptionist,NOUN,
receptiveness,NOUN,
receptivity,NOUN,
recertification,NOUN,
recess,NOUN,
reciprocation,NOUN,
reciprocator,NOUN,
reciprocity,NOUN,
recital,NOUN,
recitation,NOUN,
recklessness,NOUN,
reclamation,NOUN,
reclassification,NOUN,
recluse,NOUN,
reclusiveness,NOUN,
recognition,NOUN,
recollection,NOUN,
recommencement,NOUN,
recommendation,NOUN,
recommitment,NOUN,
reconcilement,NOUN,
recondition,NOUN,
reconfiguration,NOUN,
reconfirmation,NOUN,
reconnaissance,NOUN,
reconstruction,NOUN,
recontamination,NOUN,
recoupment,NOUN,
recoverability,NOUN,
recreation,NOUN,
recrimination,NOUN,
recruitment,NOUN,
rectangularity,NOUN,
rectification,NOUN,
rectory,NOUN,
recuperation,NOUN,
recurrence,NOUN,
recycler,NOUN,
reddishness,NOUN,
redecoration,NOUN,
rededication,NOUN,
redemption,NOUN,
redeployment,NOUN,
redevelopment,NOUN,
redistribution,NOUN,
redness,NOUN,
reduction,NOUN,
reeducation,NOUN,
reelection,NOUN,
reemergence,NOUN,
reemployment,NOUN,
reenactment,NOUN,
reengagement,NOUN,
reenlistment,NOUN,
reestablishment,NOUN,
reevaluation,NOUN,
reference,NOUN,
referrer,NOUN,
refinement,NOUN,
reflection,NOUN,
reflectivity,NOUN,
reflexivity,NOUN,
reforestation,NOUN,
reformation,NOUN,
reformulation,NOUN,
refraction,NOUN,
refractivity,NOUN,
refrainment,NOUN,
refrigeration,NOUN,
refurbishment,NOUN,
refutation,NOUN,
regality,NOUN,
regard,NOUN,
regeneration,NOUN,
regent,NOUN,
regimentation,NOUN,
regionalization,NOUN,
registrant,NOUN,
registration,NOUN,
regret,NOUN,
regularity,NOUN,
regulation,NOUN,
regurgitation,NOUN,
rehabilitation,NOUN,
rehabilitator,NOUN,
rehydration,NOUN,
reimbursement,NOUN,
reinforcement,NOUN,
reinstallation,NOUN,
reinstatement,NOUN,
reinterpretation,NOUN,
reinvention,NOUN,
reinvestment,NOUN,
reinvigoration,NOUN,
reiteration,NOUN,
rejection,NOUN,
rejuvenation,NOUN,
rejuvenator,NOUN,
relatedness,NOUN,
relation,NOUN,
relationship,NOUN,
relative,NOUN,
relativity,NOUN,
relator,NOUN,
relaxation,NOUN,
relaxedness,NOUN,
relegation,NOUN,
relentlessness,NOUN,
relevance,NOUN,
reliability,NOUN,
reliance,NOUN,
religiosity,NOUN,
religiousness,NOUN,
relinquishment,NOUN,
relocation,NOUN,
reluctance,NOUN,
remark,NOUN,
remarkableness,NOUN,
remediation,NOUN,
remilitarization,NOUN,
remittance,NOUN,
remobilization,NOUN,
remorse,NOUN,
remorsefulness,NOUN,
remorselessness,NOUN,
remoteness,NOUN,
removability,NOUN,
remuneration,NOUN,
renaissance,NOUN,
renationalization,NOUN,
rendition,NOUN,
renegotiation,NOUN,
renewability,NOUN,
renouncement,NOUN,
renovation,NOUN,
renovator,NOUN,
renter,NOUN,
renunciation,NOUN,
reoccupation,NOUN,
reoccurrence,NOUN,
reorganization,NOUN,
reorientation,NOUN,
reparation,NOUN,
repartee,NOUN,
repayment,NOUN,
repeatability,NOUN,
repellent,NOUN,
repentance,NOUN,
repetition,NOUN,
repetitiousness,NOUN,
repetitiveness,NOUN,
replacement,NOUN,
replenishment,NOUN,
replication,NOUN,
replicator,NOUN,
repository,NOUN,
reprehensibility,NOUN,
representation,NOUN,
repression,NOUN,
repressor,NOUN,
reproducibility,NOUN,
reproduction,NOUN,
republication,NOUN,
repudiation,NOUN,
repudiator,NOUN,
repugnance,NOUN,
repulsiveness,NOUN,
reputation,NOUN,
requirement,NOUN,
rescindment,NOUN,
research,NOUN,
researcher,NOUN,
resemblance,NOUN,
resentfulness,NOUN,
resentment,NOUN,
reservation,NOUN,
reserve,NOUN,
resettlement,NOUN,
resignation,NOUN,
resilience,NOUN,
resistance,NOUN,
resistibility,NOUN,
resistivity,NOUN,
resoluteness,NOUN,
resolution,NOUN,
resonance,NOUN,
resourcefulness,NOUN,
respectability,NOUN,
respectfulness,NOUN,
respiration,NOUN,
respondent,NOUN,
response,NOUN,
responsibility,NOUN,
responsiveness,NOUN,
rest,NOUN,
restatement,NOUN,
restitution,NOUN,
restlessness,NOUN,
restoration,NOUN,
restraint,NOUN,
restriction,NOUN,
restrictiveness,NOUN,
result,NOUN,
resumption,NOUN,
resurgence,NOUN,
resurrection,NOUN,
resuscitation,NOUN,
retaliation,NOUN,
retention,NOUN,
reticence,NOUN,
retirement,NOUN,
retraction,NOUN,
retreat,NOUN,
retrenchment,NOUN,
retribution,NOUN,
retrospection,NOUN,
reunification,NOUN,
reusability,NOUN,
reutilization,NOUN,
revelation,NOUN,
revengefulness,NOUN,
reverberation,NOUN,
reverence,NOUN,
reversibility,NOUN,
revilement,NOUN,
revitalization,NOUN,
revocation,NOUN,
revolution,NOUN,
reward,NOUN,
riches,NOUN,
richness,NOUN,
ridership,NOUN,
ridicule,NOUN,
ridiculousness,NOUN,
righteousness,NOUN,
rights,NOUN,
rigidity,NOUN,
rigidness,NOUN,
ringleader,NOUN,
ripeness,NOUN,
riskiness,NOUN,
robustness,NOUN,
rockiness,NOUN,
roguishness,NOUN,
romance,NOUN,
romanticism,NOUN,
roominess,NOUN,
rosé,NOUN,
rotation,NOUN,
rottenness,NOUN,
roughness,NOUN,
roundness,NOUN,
rowdiness,NOUN,
rudeness,NOUN,
ruffian,NOUN,
ruggedness,NOUN,
rule,NOUN,
ruler,NOUN,
rumor,NOUN,
runner,NOUN,
rustiness,NOUN,
ruthlessness,NOUN,
régime,NOUN,
résistance,NOUN,
résumé,NOUN,
sacredness,NOUN,
sacrifice,NOUN,
sadness,NOUN,
safeness,NOUN,
sailor,NOUN,
saintliness,NOUN,
salaciousness,NOUN,
salesmanship,NOUN,
salience,NOUN,
salinity,NOUN,
salivation,NOUN,
saltiness,NOUN,
salutation,NOUN,
salvation,NOUN,
sameness,NOUN,
sanctimoniousness,NOUN,
sanction,NOUN,
sanctity,NOUN,
saneness,NOUN,
sanitation,NOUN,
sanitization,NOUN,
sanitizer,NOUN,
sanity,NOUN,
sappiness,NOUN,
sarcasm,NOUN,
satiation,NOUN,
satire,NOUN,
satirist,NOUN,
satisfaction,NOUN,
saturation,NOUN,
sauciness,NOUN,
sauté,NOUN,
savageness,NOUN,
savant,NOUN,
savior,NOUN,
saxophonist,NOUN,
saying,NOUN,
scarceness,NOUN,
scarcity,NOUN,
scholarship,NOUN,
science,NOUN,
scientist,NOUN,
scintillator,NOUN,
scope,NOUN,
scorn,NOUN,
scornfulness,NOUN,
scowl,NOUN,
scrappiness,NOUN,
scrawniness,NOUN,
scruffiness,NOUN,
scruples,NOUN,
scrupulousness,NOUN,
scrutiny,NOUN,
sculptor,NOUN,
sealant,NOUN,
seamanship,NOUN,
seamlessness,NOUN,
seasickness,NOUN,
seasonality,NOUN,
seaworthiness,NOUN,
seclusion,NOUN,
secret,NOUN,
secretion,NOUN,
secretiveness,NOUN,
section,NOUN,
secularity,NOUN,
secularization,NOUN,
securement,NOUN,
securitization,NOUN,
security,NOUN,
sedation,NOUN,
sedition,NOUN,
seditiousness,NOUN,
seediness,NOUN,
seemliness,NOUN,
segment,NOUN,
segmentation,NOUN,
selection,NOUN,
selectiveness,NOUN,
selectivity,NOUN,
selector,NOUN,
selfishness,NOUN,
selflessness,NOUN,
seller,NOUN,
semblance,NOUN,
semidarkness,NOUN,
semiretirement,NOUN,
senator,NOUN,
senatorship,NOUN,
senility,NOUN,
senior,NOUN,
seniority,NOUN,
sensation,NOUN,
sensationalism,NOUN,
sense,NOUN,
senselessness,NOUN,
sensibilities,NOUN,
sensibility,NOUN,
sensitivity,NOUN,
sentence,NOUN,
sentience,NOUN,
sentiment,NOUN,
sentimentalism,NOUN,
sentimentality,NOUN,
sentiments,NOUN,
separateness,NOUN,
separation,NOUN,
separator,NOUN,
sequence,NOUN,
serendipity,NOUN,
sereneness,NOUN,
serenity,NOUN,
sergeant,NOUN,
serialization,NOUN,
series,NOUN,
seriousness,NOUN,
servant,NOUN,
server,NOUN,
service,NOUN,
serviceability,NOUN,
servitude,NOUN,
settlement,NOUN,
severance,NOUN,
severity,NOUN,
shabbiness,NOUN,
shadiness,NOUN,
shadowiness,NOUN,
shagginess,NOUN,
shakiness,NOUN,
shallowness,NOUN,
shamefulness,NOUN,
shamelessness,NOUN,
sharpness,NOUN,
sheen,NOUN,
sheepishness,NOUN,
shiftiness,NOUN,
shininess,NOUN,
shoddiness,NOUN,
shopkeeper,NOUN,
shopper,NOUN,
shortness,NOUN,
shortsightedness,NOUN,
showiness,NOUN,
showmanship,NOUN,
showrunner,NOUN,
shrewdness,NOUN,
shrillness,NOUN,
sickliness,NOUN,
sickness,NOUN,
significance,NOUN,
signification,NOUN,
silence,NOUN,
silkiness,NOUN,
silliness,NOUN,
similarity,NOUN,
simplemindedness,NOUN,
simplicity,NOUN,
simplification,NOUN,
simulation,NOUN,
simulator,NOUN,
sincerity,NOUN,
singer,NOUN,
singularity,NOUN,
situation,NOUN,
size,NOUN,
skepticism,NOUN,
sketchiness,NOUN,
skill,NOUN,
skillfulness,NOUN,
skimpiness,NOUN,
skinniness,NOUN,
skittishness,NOUN,
sky,NOUN,
slander,NOUN,
slanderer,NOUN,
sleaziness,NOUN,
sleekness,NOUN,
sleepiness,NOUN,
slenderness,NOUN,
slickness,NOUN,
sliminess,NOUN,
slipperiness,NOUN,
sloppiness,NOUN,
slothfulness,NOUN,
slovenliness,NOUN,
slowness,NOUN,
sluggishness,NOUN,
smallness,NOUN,
smartness,NOUN,
smile,NOUN,
smoothness,NOUN,
smugness,NOUN,
smörgåsbord,NOUN,
sneakiness,NOUN,
sneer,NOUN,
snobbishness,NOUN,
snootiness,NOUN,
snugness,NOUN,
soapiness,NOUN,
sociability,NOUN,
socialism,NOUN,
socialist,NOUN,
socialization,NOUN,
society,NOUN,
sociologist,NOUN,
softness,NOUN,
sogginess,NOUN,
soirée,NOUN,
solicitation,NOUN,
solicitor,NOUN,
solidarity,NOUN,
solidification,NOUN,
solitude,NOUN,
solubility,NOUN,
challenge,NOUN,
solvent,NOUN,
somberness,NOUN,
songwriter,NOUN,
sophist,NOUN,
sophistication,NOUN,
sorcerer,NOUN,
sordidness,NOUN,
sorrow,NOUN,
sorrowfulness,NOUN,
soul,NOUN,
soulfulness,NOUN,
soundness,NOUN,
source,NOUN,
sourness,NOUN,
space,NOUN,
spaciousness,NOUN,
sparseness,NOUN,
speaker,NOUN,
speakership,NOUN,
specialist,NOUN,
specialization,NOUN,
specialness,NOUN,
specification,NOUN,
specificity,NOUN,
spectacle,NOUN,
spectator,NOUN,
spectatorship,NOUN,
speculation,NOUN,
speculator,NOUN,
speech,NOUN,
speechlessness,NOUN,
speediness,NOUN,
speller,NOUN,
spiciness,NOUN,
spinelessness,NOUN,
spirit,NOUN,
spiritedness,NOUN,
spiritualist,NOUN,
spirituality,NOUN,
spitefulness,NOUN,
splendor,NOUN,
sponginess,NOUN,
sponsor,NOUN,
sponsorship,NOUN,
spontaneity,NOUN,
spookiness,NOUN,
sportiness,NOUN,
sportsmanship,NOUN,
spotlessness,NOUN,
spring,NOUN,
springiness,NOUN,
spunkiness,NOUN,
squalor,NOUN,
squishiness,NOUN,
stability,NOUN,
stabilization,NOUN,
stagnation,NOUN,
stance,NOUN,
standardization,NOUN,
star,NOUN,
stardom,NOUN,
stare,NOUN,
starvation,NOUN,
state,NOUN,
stateliness,NOUN,
statement,NOUN,
statesmanship,NOUN,
station,NOUN,
statistician,NOUN,
stature,NOUN,
staunchness,NOUN,
steadiness,NOUN,
steepness,NOUN,
step,NOUN,
sterility,NOUN,
sterilization,NOUN,
sternness,NOUN,
stewardship,NOUN,
stickiness,NOUN,
stiffness,NOUN,
stillness,NOUN,
stimulant,NOUN,
stimulation,NOUN,
stimulator,NOUN,
stimulus,NOUN,
stinginess,NOUN,
stipulation,NOUN,
stipulator,NOUN,
stockiness,NOUN,
stodginess,NOUN,
stoic,NOUN,
stoicism,NOUN,
storminess,NOUN,
story,NOUN,
storyteller,NOUN,
straightforwardness,NOUN,
straightness,NOUN,
strangeness,NOUN,
strategist,NOUN,
strategy,NOUN,
strength,NOUN,
strenuousness,NOUN,
stress,NOUN,
stressor,NOUN,
strictness,NOUN,
structure,NOUN,
struggles,NOUN,
stubbornness,NOUN,
student,NOUN,
studentship,NOUN,
stuffiness,NOUN,
sturdiness,NOUN,
style,NOUN,
stylishness,NOUN,
stylist,NOUN,
stylization,NOUN,
suaveness,NOUN,
subcategory,NOUN,
subcontractor,NOUN,
subjectivity,NOUN,
submission,NOUN,
submissiveness,NOUN,
subordination,NOUN,
subordinator,NOUN,
subscriber,NOUN,
subscription,NOUN,
subsection,NOUN,
subservience,NOUN,
subsidence,NOUN,
subsistence,NOUN,
substance,NOUN,
substitute,NOUN,
substitution,NOUN,
subtleness,NOUN,
subtraction,NOUN,
success,NOUN,
successfulness,NOUN,
successor,NOUN,
succulence,NOUN,
suction,NOUN,
suddenness,NOUN,
suffocation,NOUN,
suggestibility,NOUN,
suggestion,NOUN,
suggestiveness,NOUN,
suitability,NOUN,
suitableness,NOUN,
suitor,NOUN,
sulkiness,NOUN,
sullenness,NOUN,
summarization,NOUN,
summation,NOUN,
sumptuousness,NOUN,
sunlight,NOUN,
superabundance,NOUN,
superconductivity,NOUN,
superintendent,NOUN,
superior,NOUN,
superiority,NOUN,
supermajority,NOUN,
superstardom,NOUN,
superstation,NOUN,
superstition,NOUN,
supervisor,NOUN,
supplement,NOUN,
supplementation,NOUN,
supplication,NOUN,
supplier,NOUN,
supply,NOUN,
supportability,NOUN,
supporter,NOUN,
supportiveness,NOUN,
supposition,NOUN,
suppressor,NOUN,
supremacy,NOUN,
supremeness,NOUN,
surefootedness,NOUN,
sureness,NOUN,
surface,NOUN,
surliness,NOUN,
surprise,NOUN,
surrealism,NOUN,
surrender,NOUN,
surrogacy,NOUN,
surrogate,NOUN,
surströmming,NOUN,
surveillance,NOUN,
survey,NOUN,
surveyor,NOUN,
survivability,NOUN,
survivalist,NOUN,
survivor,NOUN,
survivorship,NOUN,
susceptibility,NOUN,
susceptibleness,NOUN,
suspiciousness,NOUN,
sustainability,NOUN,
sustenance,NOUN,
swarthiness,NOUN,
sweatiness,NOUN,
sweetness,NOUN,
swiftness,NOUN,
swimmer,NOUN,
swinishness,NOUN,
swordsmanship,NOUN,
sycophant,NOUN,
syllabication,NOUN,
syllogism,NOUN,
symbol,NOUN,
symbolism,NOUN,
sympathizer,NOUN,
sympathy,NOUN,
symptoms,NOUN,
synchronicity,NOUN,
synchronization,NOUN,
syndication,NOUN,
syndicator,NOUN,
synergism,NOUN,
systemization,NOUN,
tabulation,NOUN,
tackiness,NOUN,
tact,NOUN,
tactfulness,NOUN,
tactician,NOUN,
tactlessness,NOUN,
tailor,NOUN,
tale,NOUN,
talent,NOUN,
talk,NOUN,
talkativeness,NOUN,
tallness,NOUN,
tameness,NOUN,
tangent,NOUN,
tardiness,NOUN,
tartness,NOUN,
task,NOUN,
taste,NOUN,
tastefulness,NOUN,
tastelessness,NOUN,
tastiness,NOUN,
taxation,NOUN,
teacher,NOUN,
tearfulness,NOUN,
technicality,NOUN,
technician,NOUN,
technocracy,NOUN,
technologist,NOUN,
tediousness,NOUN,
teenager,NOUN,
telecommunication,NOUN,
teleconference,NOUN,
telemarketer,NOUN,
teleportation,NOUN,
temper,NOUN,
temperament,NOUN,
temperance,NOUN,
tempestuousness,NOUN,
temptation,NOUN,
tenaciousness,NOUN,
tenacity,NOUN,
tenancy,NOUN,
tenant,NOUN,
tendency,NOUN,
tenderheartedness,NOUN,
tenderness,NOUN,
tenseness,NOUN,
tension,NOUN,
tentativeness,NOUN,
tenuousness,NOUN,
tenure,NOUN,
term,NOUN,
termination,NOUN,
terminator,NOUN,
terms,NOUN,
terribleness,NOUN,
territorialism,NOUN,
territoriality,NOUN,
territory,NOUN,
terror,NOUN,
terseness,NOUN,
tessellation,NOUN,
testability,NOUN,
testament,NOUN,
testiness,NOUN,
thankfulness,NOUN,
thanklessness,NOUN,
thanks,NOUN,
theatricality,NOUN,
theocracy,NOUN,
theologian,NOUN,
theoretician,NOUN,
theorist,NOUN,
theorization,NOUN,
theory,NOUN,
therapist,NOUN,
thermoelectricity,NOUN,
thespian,NOUN,
thickness,NOUN,
thievishness,NOUN,
thinness,NOUN,
thirstiness,NOUN,
thorniness,NOUN,
thoroughness,NOUN,
thought,NOUN,
thoughtfulness,NOUN,
thoughtlessness,NOUN,
thoughts,NOUN,
thriftiness,NOUN,
thrill,NOUN,
thriller,NOUN,
throatiness,NOUN,
throng,NOUN,
ticklishness,NOUN,
tidiness,NOUN,
tightfistedness,NOUN,
tightness,NOUN,
time,NOUN,
timelessness,NOUN,
timeliness,NOUN,
times,NOUN,
timidity,NOUN,
tininess,NOUN,
tiredness,NOUN,
tirelessness,NOUN,
titillation,NOUN,
togetherness,NOUN,
tolerability,NOUN,
tolerance,NOUN,
toleration,NOUN,
tonality,NOUN,
tone,NOUN,
torment,NOUN,
tormentor,NOUN,
torridness,NOUN,
totalitarian,NOUN,
totalitarianism,NOUN,
totality,NOUN,
touch,NOUN,
touchiness,NOUN,
toughness,NOUN,
tour,NOUN,
tourism,NOUN,
tourist,NOUN,
tournament,NOUN,
township,NOUN,
toxicity,NOUN,
toxicologist,NOUN,
traceability,NOUN,
traction,NOUN,
tradition,NOUN,
traditionalism,NOUN,
tragedian,NOUN,
tragedy,NOUN,
trainability,NOUN,
traineeship,NOUN,
trainer,NOUN,
trait,NOUN,
traitor,NOUN,
trajectory,NOUN,
trance,NOUN,
tranquility,NOUN,
transaction,NOUN,
transcendence,NOUN,
transcriber,NOUN,
transcription,NOUN,
transferability,NOUN,
transference,NOUN,
transferor,NOUN,
transfiguration,NOUN,
transformation,NOUN,
transgressor,NOUN,
transience,NOUN,
transition,NOUN,
translatability,NOUN,
translation,NOUN,
translator,NOUN,
translucence,NOUN,
transmittance,NOUN,
transmutation,NOUN,
transparence,NOUN,
transplantation,NOUN,
transportability,NOUN,
transportation,NOUN,
trappings,NOUN,
trashiness,NOUN,
treacherousness,NOUN,
treatability,NOUN,
treatment,NOUN,
tremendousness,NOUN,
trendiness,NOUN,
trepidation,NOUN,
triangulation,NOUN,
tribulation,NOUN,
tribute,NOUN,
trick,NOUN,
trickeries,NOUN,
trickery,NOUN,
trickiness,NOUN,
trickster,NOUN,
trimness,NOUN,
trinity,NOUN,
triplication,NOUN,
triteness,NOUN,
triumph,NOUN,
triviality,NOUN,
trivialization,NOUN,
trombonist,NOUN,
troublesomeness,NOUN,
truce,NOUN,
trucker,NOUN,
truculence,NOUN,
trueness,NOUN,
truncation,NOUN,
trusteeship,NOUN,
trustfulness,NOUN,
trustiness,NOUN,
trustworthiness,NOUN,
truth,NOUN,
truthfulness,NOUN,
tuition,NOUN,
turbulence,NOUN,
tutor,NOUN,
tutorship,NOUN,
type,NOUN,
types,NOUN,
typicality,NOUN,
typist,NOUN,
tyranny,NOUN,
unacceptability,NOUN,
unaccountability,NOUN,
unaffectedness,NOUN,
unattractiveness,NOUN,
unavailability,NOUN,
unawareness,NOUN,
unbalance,NOUN,
unbecomingness,NOUN,
uncertainness,NOUN,
uncertainty,NOUN,
unchangeableness,NOUN,
unconsciousness,NOUN,
unconstitutionality,NOUN,
unconventionality,NOUN,
uncouthness,NOUN,
underachievement,NOUN,
underemployment,NOUN,
underestimation,NOUN,
underhandedness,NOUN,
undernourishment,NOUN,
underpayment,NOUN,
underproduction,NOUN,
understandability,NOUN,
understatement,NOUN,
underutilization,NOUN,
undesirability,NOUN,
unearthliness,NOUN,
uneasiness,NOUN,
unemployment,NOUN,
unevenness,NOUN,
unexpectedness,NOUN,
unfairness,NOUN,
unfaithfulness,NOUN,
unflappability,NOUN,
unfriendliness,NOUN,
ungainliness,NOUN,
ungraciousness,NOUN,
ungratefulness,NOUN,
unhappiness,NOUN,
unhealthiness,NOUN,
unicyclist,NOUN,
unification,NOUN,
unifier,NOUN,
uniformity,NOUN,
unimportance,NOUN,
union,NOUN,
unionization,NOUN,
uniqueness,NOUN,
unitization,NOUN,
unity,NOUN,
universality,NOUN,
unjustness,NOUN,
unkindness,NOUN,
unlawfulness,NOUN,
unluckiness,NOUN,
unnaturalness,NOUN,
unobtrusiveness,NOUN,
unpleasantness,NOUN,
unpopularity,NOUN,
unpredictability,NOUN,
unpreparedness,NOUN,
unpretentiousness,NOUN,
unreasonableness,NOUN,
unreliability,NOUN,
unreservedness,NOUN,
unresponsiveness,NOUN,
unruliness,NOUN,
unseemliness,NOUN,
unselfishness,NOUN,
unsightliness,NOUN,
unsociability,NOUN,
unsoundness,NOUN,
unstableness,NOUN,
unsuitability,NOUN,
untruthfulness,NOUN,
unusualness,NOUN,
unwillingness,NOUN,
unworthiness,NOUN,
uprightness,NOUN,
uptightness,NOUN,
urbanization,NOUN,
usability,NOUN,
usefulness,NOUN,
uselessness,NOUN,
usualness,NOUN,
utilitarianism,NOUN,
utility,NOUN,
utilization,NOUN,
utterance,NOUN,
vacation,NOUN,
vacationer,NOUN,
vaccination,NOUN,
vacillation,NOUN,
vacillator,NOUN,
vagueness,NOUN,
vainness,NOUN,
valedictorian,NOUN,
valerian,NOUN,
validation,NOUN,
validity,NOUN,
valor,NOUN,
valuation,NOUN,
value,NOUN,
values,NOUN,
vandalism,NOUN,
vanity,NOUN,
vapor,NOUN,
vaporization,NOUN,
vaporizer,NOUN,
variability,NOUN,
variableness,NOUN,
variant,NOUN,
variation,NOUN,
variety,NOUN,
vastness,NOUN,
vegetarian,NOUN,
vehemence,NOUN,
velocity,NOUN,
vendor,NOUN,
venerability,NOUN,
vengeance,NOUN,
vengefulness,NOUN,
venomousness,NOUN,
ventilation,NOUN,
ventriloquist,NOUN,
veracity,NOUN,
verbalization,NOUN,
verboseness,NOUN,
verdict,NOUN,
verification,NOUN,
versatility,NOUN,
verticalness,NOUN,
veterinarian,NOUN,
vexation,NOUN,
viability,NOUN,
vibration,NOUN,
vicariousness,NOUN,
vicinity,NOUN,
viciousness,NOUN,
victimization,NOUN,
victor,NOUN,
victory,NOUN,
videoconference,NOUN,
view,NOUN,
viewership,NOUN,
views,NOUN,
vigilance,NOUN,
vigilantism,NOUN,
vigor,NOUN,
vigorousness,NOUN,
vileness,NOUN,
vilification,NOUN,
vindication,NOUN,
vindictiveness,NOUN,
violation,NOUN,
violence,NOUN,
violinist,NOUN,
virologist,NOUN,
virtue,NOUN,
virtues,NOUN,
virtuosity,NOUN,
virtuousness,NOUN,
viscosity,NOUN,
visibility,NOUN,
vision,NOUN,
visitation,NOUN,
visitor,NOUN,
visualization,NOUN,
vitality,NOUN,
vivaciousness,NOUN,
vividness,NOUN,
vocalization,NOUN,
vocation,NOUN,
voice,NOUN,
voilà,NOUN,
volatility,NOUN,
volition,NOUN,
volunteer,NOUN,
volunteerism,NOUN,
voraciousness,NOUN,
voracity,NOUN,
vulcanization,NOUN,
vulgarity,NOUN,
vulnerability,NOUN,
wackiness,NOUN,
wail,NOUN,
wait,NOUN,
wakefulness,NOUN,
wanderer,NOUN,
wantonness,NOUN,
war,NOUN,
wardenship,NOUN,
warfare,NOUN,
wariness,NOUN,
warmness,NOUN,
warmth,NOUN,
warning,NOUN,
warrantor,NOUN,
warranty,NOUN,
warrior,NOUN,
waste,NOUN,
wastefulness,NOUN,
wateriness,NOUN,
waviness,NOUN,
way,NOUN,
waywardness,NOUN,
weakness,NOUN,
weariness,NOUN,
weather,NOUN,
weatherization,NOUN,
weightiness,NOUN,
weightlessness,NOUN,
weirdness,NOUN,
wellness,NOUN,
westernization,NOUN,
wetness,NOUN,
whim,NOUN,
whimsicality,NOUN,
whimsicalness,NOUN,
whiteness,NOUN,
wholeness,NOUN,
wholesomeness,NOUN,
wickedness,NOUN,
wildness,NOUN,
willfulness,NOUN,
willingness,NOUN,
windiness,NOUN,
winsomeness,NOUN,
wisdom,NOUN,
wisecracker,NOUN,
wistfulness,NOUN,
wit,NOUN,
withdrawnness,NOUN,
witticism,NOUN,
wittiness,NOUN,
wobbliness,NOUN,
woefulness,NOUN,
wolfishness,NOUN,
wonder,NOUN,
wonderfulness,NOUN,
wonderment,NOUN,
wondrousness,NOUN,
wontedness,NOUN,
woodenness,NOUN,
wooziness,NOUN,
word,NOUN,
wordiness,NOUN,
wordlessness,NOUN,
workability,NOUN,
worker,NOUN,
workmanship,NOUN,
worldliness,NOUN,
worthiness,NOUN,
worthlessness,NOUN,
wrath,NOUN,
wrathfulness,NOUN,
wretchedness,NOUN,
writer,NOUN,
wrongfulness,NOUN,
wrongness,NOUN,
yearning,NOUN,
years,NOUN,
youngness,NOUN,
youth,NOUN,
youthfulness,NOUN,
zaniness,NOUN,
zeal,NOUN,
zealousness,NOUN,
zest,NOUN,
zookeeper,NOUN,
zoologist,NOUN,
éclair,NOUN,
éclat,NOUN,